A0A7D6GJ52	A0A7D6GJ52
A0A7K1LC67	A0A7K1LC67
A0A7W7IH76	A0A7W7IH76
A0A7W7IH76	A0A543IJ40
A0A7W7IH76	A0ABV4Q8P6
A0A7W7IH76	A0ABV4R2I5
A0A7X2T3N7	A0A7X2T3N7
A0A830FA16	A0A830FA16
A0A841Q9M5	A0A841Q9M5
A0A841Q9M5	A0A516KI63
A0A841Q9M5	A0A6A8DFN7
A0A852ZI98	A0A852ZI98
A0A852ZI98	A0A1H1QI05
A0A852ZI98	A0A1I2NCQ5
A0A8J6XMV5	A0A8J6XMV5
A0A917ZMA5	A0A917ZMA5
A0A926VKB8	A0A926VKB8
A0A9E6ZLA1	A0A9E6ZLA1
A0A9W6SMN6	A0A9W6SMN6
A0AA37SQG6	A0AA37SQG6
A0ABM7SCQ8	A0ABM7SCQ8
A0ABP8NHG4	A0ABP8NHG4
A0ABS6K962	A0ABS6K962
A0ABS6K962	A0A949NJ12
A0ABT5KUG2	A0ABT5KUG2
A0ABU9E5I6	A0ABU9E5I6
A0ABU9E5I6	A0ABV5GC29
A0ABU9E5I6	A0ABP7TII7
A0ABU9E5I6	A0A4P7PVP2
A0ABU9E5I6	A0A7Y3RA20
A0ABU9E5I6	A0ABU9N4S1
A0ABU9E5I6	A0A4Q9YNT7
A0ABU9E5I6	A0A4V3CSL2
A0ABU9E5I6	A0ABT6XSA7
A0ABV7YDV1	A0ABV7YDV1
A0ABW5J5Q3	A0ABW5J5Q3
A0ABW5J5Q3	A0A4Q5LZ46
A0ABW6A8N8	A0ABW6A8N8
A0ABY5DR57	A0ABY5DR57
A8AB25	A8AB25
C9RHA7	C9RHA7
D7EAE6	D7EAE6
G8QS93	G8QS93
L9ZU04	L9ZU04
Q1IRF2	Q1IRF2
S7TTC2	S7TTC2
W0RMA6	W0RMA6
A0A0B7ICM2	A0A0B7ICM2
A0A0M0KQU3	A0A0M0KQU3
A0A0V8RVN7	A0A0V8RVN7
A0A1B9F5Z1	A0A1B9F5Z1
A0A1G6L827	A0A1G6L827
A0A1H6RL48	A0A1H6RL48
A0A1I6H1J7	A0A1I6H1J7
A0ABD5XTD2	A0ABD5XTD2
A0ABM7VD79	A0ABM7VD79
A0ABR8RC87	A0ABR8RC87
A0ABS2J568	A0ABS2J568
A0ABS2J568	A0ABS2IPC5
A0ABS2J568	A0A246RIA7
A0ABS2J568	A0A1C4ZXB8
A0ABS2J568	A0A120F9V2
A0ABS2J568	A0ABS3VE09
A0ABS6S2C4	A0ABS6S2C4
A0ABT0TN07	A0ABT0TN07
A0ABT7UNQ5	A0ABT7UNQ5
A0ABU3BV95	A0ABU3BV95
A0ABV2SUW2	A0ABV2SUW2
A0ABV2SUW2	A0ABV2TYE2
A0ABV8ARF1	A0ABV8ARF1
A0ABX4R9W7	A0ABX4R9W7
A0ABX8S3G8	A0ABX8S3G8
A0ABY8N2Z2	A0ABY8N2Z2
A0ABY8N2Z2	A0ABN6KW73
A0ABY8N2Z2	A0ABN6L1A4
A8F7Y5	A8F7Y5
D0LY40	D0LY40
K9VYC3	K9VYC3
M1WKQ5	M1WKQ5
Q2JBQ7	Q2JBQ7
Q8U3K7	Q8U3K7
A0A0E9N7D9	A0A0E9N7D9
A0A0M2UP27	A0A0M2UP27
A0A0W0SMB8	A0A0W0SMB8
A0A1C2FXP7	A0A1C2FXP7
A0A1G6PU49	A0A1G6PU49
A0A1I6L2G6	A0A1I6L2G6
A0A1L8RF56	A0A1L8RF56
A0A1M7JFG0	A0A1M7JFG0
A0A1M7JFG0	A0A5Q2TLG7
A0A1M7JFG0	A0A1I4HLM1
A0A1M7JFG0	A0A6N7R591
A0A1M7JFG0	A0ABY4F1M6
A0A1M7JFG0	A0ABY4GSR1
A0A1T4KI64	A0A1T4KI64
A0A221M905	A0A221M905
A0A221M905	A0A220U2X7
A0A221M905	W9AIR4
A0A221M905	A0AAW5B297
A0A239WPW9	A0A239WPW9
A0A286RIT8	A0A286RIT8
A0A2R4X3C6	A0A2R4X3C6
A0A369IB02	A0A369IB02
A0A369IB02	A0A344TN41
A0A369IB02	A0A7U3ZKK2
A0A369IB02	A0ABT1FUR1
A0A369IB02	A0A7W6ESD7
A0A399RQR1	A0A399RQR1
A0A399RQR1	A0A1I2Y7J8
A0A399RQR1	A0A0E3ZEK0
A0A399RQR1	A0A1X9YN37
A0A399RQR1	A0ABW3SPX3
A0A399RQR1	A0ABW6C1B2
A0A399RQR1	A0A1Q5PBQ1
A0A399RQR1	A0ABS7CUD3
A0A399RQR1	A0ABT3RJA8
A0A399RQR1	A0A1I7KKV3
A0A399RQR1	A0A501W7E2
A0A399RQR1	A0A3D8LEM1
A0A399RQR1	A0ABW5CXE5
A0A399RQR1	A0A923SJD1
A0A399RQR1	A0ABP8LBM7
A0A399RQR1	A0A2T5YPB2
A0A401YHZ8	A0A401YHZ8
A0A401YHZ8	A0A1T3NXX6
A0A495E7B3	A0A495E7B3
D9Q1P4	D9Q1P4
F9YT27	F9YT27
H1XWB1	H1XWB1
K9YYN2	K9YYN2
M2NHH2	M2NHH2
T2GB37	T2GB37
W7L6I4	W7L6I4
A0A0C1R0U2	A0A0C1R0U2
A0A0C1R0U2	A0ABW8WMZ9
A0A0C1R0U2	A0ABW8XC56
A0A0C1R0U2	A0A139X3H6
A0A0F7JYC4	A0A0F7JYC4
A0A0M9UCK1	A0A0M9UCK1
A0A0W0ZWS7	A0A0W0ZWS7
A0A179D2A2	A0A179D2A2
A0A1C4EDM0	A0A1C4EDM0
A0A1C4EDM0	A0A2T7BHK2
A0A1H3RAR4	A0A1H3RAR4
A0A1I0RPH2	A0A1I0RPH2
A0A1P8UJQ2	A0A1P8UJQ2
A0A1V6LSL8	A0A1V6LSL8
A0A223S799	A0A223S799
A0A243WA78	A0A243WA78
A0A243WA78	A0ABQ1UHN2
A0A243WA78	A0A1W1VDL4
A0A243WA78	A0ACB5PSP4
A0A2W7SGD7	A0A2W7SGD7
A0A348B6Y6	A0A348B6Y6
A0A370DMH3	A0A370DMH3
A0A3D9HXY3	A0A3D9HXY3
A0A402B792	A0A402B792
A0A428MLL0	A0A428MLL0
A0A4P8J407	A0A4P8J407
A0A4R7HXG4	A0A4R7HXG4
A0A517P9C0	A0A517P9C0
A0A543N744	A0A543N744
A0A6I6GAG7	A0A6I6GAG7
A0A6N4SUY0	A0A6N4SUY0
A0A7U3YNC9	A0A7U3YNC9
A0A7Y0BPR2	A0A7Y0BPR2
A0A838ZQK8	A0A838ZQK8
A0A8J7G8Q2	A0A8J7G8Q2
A0A8J7G8Q2	A0ABW3GU25
A0A8X8IFP6	A0A8X8IFP6
A0A918SLC1	A0A918SLC1
A0A918SLC1	A0A285X9T6
A0A918SLC1	A0ABW5IWZ7
A0A918SLC1	A0ABX1D0Z1
A0A918SLC1	A0A9X3CWB1
A0A918SLC1	A0ABY6NSM0
A0A918SLC1	A0A1H5PEM0
A0A918SLC1	A0ABW3IG99
A0A941I7L5	A0A941I7L5
A0A9E8ZEB1	A0A9E8ZEB1
A0AAE3H8F5	A0AAE3H8F5
A0AAU9ET43	A0AAU9ET43
A0ABD4T305	A0ABD4T305
A0ABD5ZQ48	A0ABD5ZQ48
A0ABN1RTG6	A0ABN1RTG6
A0ABN1RTG6	A0ABN3TZY5
A0ABP7VJC5	A0ABP7VJC5
A0ABP7VJC5	A0A9W6USD8
A0ABP7VJC5	A0ABP7YIM1
A0A1H0NBL1	A0A1H0NBL1
A0A1H3WNW2	A0A1H3WNW2
A0A1I7A540	A0A1I7A540
A0A1M4SKC9	A0A1M4SKC9
A0A1M4SKC9	A0A9X2XX52
A0A1M4SKC9	A0A4R4E201
A0A1M4SKC9	A0A1M5BAE7
A0A1M4SKC9	A0A4R1BP52
A0A1M4SKC9	A0ABP8GPP5
A0A1M4SKC9	A0A172U196
A0A1M4SKC9	A0A5B8UFE6
A0A1Q5PQV2	A0A1Q5PQV2
A0A1T4Y766	A0A1T4Y766
A0A1Y3G9V8	A0A1Y3G9V8
A0A2U2JA34	A0A2U2JA34
A0A2U2JA34	A0A2S7WUR3
A0A2U2JA34	A0A176TAE5
A0A2U2JA34	A0ABT5S4V6
A0A2U2JA34	A0A0N1IY22
A0A2U2JA34	A0A7L8AFV1
A0A2U2JA34	A0ABV8R8X0
A0A2U2JA34	A0A2S7KXS7
A0A2U2JA34	A0A975CPZ0
A0A2U2JA34	A0A2P6CBQ1
A0A2U2JA34	A0ABX7SWQ0
A0A2U2JA34	A0A1B8TX66
A0A2U2JA34	A0A1B8U5M8
A0A2U2JA34	A0A9X2AJL3
A0A2U2JA34	A0A2S7WKB5
A0A317TA01	A0A317TA01
A0A363UNQ8	A0A363UNQ8
A0A3A1YQT6	A0A3A1YQT6
A0A3P3WBD4	A0A3P3WBD4
A0A4Q8QDX0	A0A4Q8QDX0
A0A4R3YBN0	A0A4R3YBN0
A0A4V2NVX0	A0A4V2NVX0
A0A517T3D3	A0A517T3D3
A0A544TFQ8	A0A544TFQ8
A0A544TFQ8	A0A5J6ST51
A0A563D911	A0A563D911
A0A5B9EGU0	A0A5B9EGU0
A0A5K7XB08	A0A5K7XB08
A0A6B9F377	A0A6B9F377
A0A6B9F377	A0ABD6A1T5
A0A6B9F377	A0ABD6D038
A0A7K3M675	A0A7K3M675
A0A7U4QL10	A0A7U4QL10
A0A839APQ4	A0A839APQ4
A0A839APQ4	A0A2G1BQF4
A0A839APQ4	A0ABY8L2J7
A0A839APQ4	A0A1B9XX06
A0A839APQ4	A0A4R6TN32
A0A839APQ4	A0A3Q8RSF9
A0A839APQ4	A0A3E0HVG1
A0A839APQ4	A0A9X4IQK9
A0A839APQ4	A0A7J5ALQ8
A0A839APQ4	A0A420DZX7
A0A839APQ4	A0ABM7CCS5
A0A844SC69	A0A844SC69
A0A8J3NA08	A0A8J3NA08
A0A916DRU9	A0A916DRU9
A0A918VXT9	A0A918VXT9
A0A942YGL5	A0A942YGL5
A0A942YGL5	A0ABU0D9M5
A0A942YGL5	A0A177ZU02
A0A942YGL5	A0A942YLM2
A0A942YGL5	A0ABQ4KGP8
A0AAV3J1W7	A0AAV3J1W7
A0AAV3J1W7	A0A1L8SV72
A0AAV3J1W7	A0A1L8TJ58
A0AAV3J1W7	A0ABU3F5G8
A0AAV3J1W7	A0ABU3F693
A0AAV3J1W7	R2P817
A0AAV3J1W7	R2R665
A0AAV3J1W7	R2VEP6
A0AAV3J1W7	A0A679IIJ8
A0AAV3J1W7	A0ABW1UMG6
A0AAV3J1W7	A0ABN0KMG7
A0ABD4ZJ77	A0ABD4ZJ77
A0ABD4ZJ77	A0A805Z1R0
A0ABD6ABM8	A0ABD6ABM8
A0ABM8B141	A0ABM8B141
A0ABN2SDZ9	A0ABN2SDZ9
A0ABP3G5T0	A0ABP3G5T0
A0ABP7W6T3	A0ABP7W6T3
A0ABP7W6T3	A0ABP7V396
A0ABQ4IQN7	A0ABQ4IQN7
A0ABQ4IQN7	A0ABQ4HNP4
A0ABQ4IQN7	A0A9W5UUS0
A0ABR7YAH7	A0ABR7YAH7
A0ABR7YAH7	D7VH62
A0ABR7YAH7	A0ABP8R1M5
A0ABR7YAH7	A0A4R3W0C3
A0ABR7YAH7	U2J7P2
A0ABR7YAH7	A0ABR9T3J0
A0ABR7YAH7	A0A1T5EBS6
A0ABR7YAH7	A0A4V3DDB6
A0ABR7YAH7	A0ABW5KYF1
A0ABR7YAH7	A0ABS1R9Q1
A0ABR7YAH7	A0ABS7Z3D1
A0ABR7YAH7	A0A4U0GZ50
A0ABR7YAH7	A0A4U0P0P9
A0ABR9JVV5	A0ABR9JVV5
A0ABR9JVV5	A0ABW3ETL9
A0ABS1D8Y4	A0ABS1D8Y4
A0ABT1EH88	A0ABT1EH88
A0ABT3PLU3	A0ABT3PLU3
A0ABT3PLU3	A0ABT3Q0R4
A0ABT3PLU3	A0A1M4VUM4
A0ABT3PLU3	A0A521ED84
A0ABT5YPG9	A0ABT5YPG9
A0ABT8F7V0	A0ABT8F7V0
A0ABV3Z9A6	A0ABV3Z9A6
A0ABW9ZT76	A0ABW9ZT76
A0ABY6IX08	A0ABY6IX08
B1YDJ3	B1YDJ3
B1YDJ3	A1RQF4
C4L1J4	C4L1J4
C4L1J4	A0ABX8G9S6
C4L1J4	A0ABU8EJR2
C4L1J4	A0ABT7MSW1
D2RXS3	D2RXS3
D2RXS3	A0A8T8E3X2
D2RXS3	M0BUH8
D2RXS3	A0A8A2VC41
D2RXS3	A0A8J8GJ84
E1R7H1	E1R7H1
F4B7Y5	F4B7Y5
F4B7Y5	A0A6A9QFE8
F4B7Y5	A0A650CXH1
H6QDJ4	H6QDJ4
H6QDJ4	A0A7L4PBT0
N2B2I7	N2B2I7
U5QMN0	U5QMN0
W9V2U0	W9V2U0
A0A0S4N3H1	A0A0S4N3H1
A0A150XTQ4	A0A150XTQ4
A0A150XTQ4	A0A0L8AKI0
A0A150XTQ4	A0A150XD23
A0A1C5A4A4	A0A1C5A4A4
A0A1C5A4A4	A0A1C5HR54
A0A1E5Q5U6	A0A1E5Q5U6
A0A1H1AX98	A0A1H1AX98
A0A1H7YPG7	A0A1H7YPG7
A0A1I4SQH2	A0A1I4SQH2
A0A1J0AC08	A0A1J0AC08
A0A1M6E439	A0A1M6E439
A0A1W1IBK9	A0A1W1IBK9
A0A1Y6D2P0	A0A1Y6D2P0
A0A2A3YL95	A0A2A3YL95
A0A2A3YL95	A0A291GRG3
A0A2A3YL95	A0A291GZI3
A0A2A3YL95	A0ABS4X071
A0A2A3YL95	A0A022KU91
A0A2A3YL95	A0ABW0FF17
A0A2A3YL95	A0ABR9W2Z1
A0A2A3YL95	C7M9S6
A0A2T0T269	A0A2T0T269
A0A2U8QXX1	A0A2U8QXX1
A0A3B0AAZ7	A0A3B0AAZ7
A0A3E0ECV1	A0A3E0ECV1
A0A3E0ECV1	A0A2U1JMA1
A0A3E0ECV1	A0ABS6XVT8
A0A3E0ECV1	A0A2W7TT69
A0A3E0ECV1	A0ABU1S3D4
A0A3E0ECV1	A0AAC9I469
A0A432MM75	A0A432MM75
A0A497XSZ7	A0A497XSZ7
A0A4Q0T3B3	A0A4Q0T3B3
A0A518CHE2	A0A518CHE2
A0A5A7N1D5	A0A5A7N1D5
A0A5A7N1D5	A0ABQ2LFF6
A0A5C8NGU9	A0A5C8NGU9
A0A5C8NGU9	A0A2V3VY73
A0A5M6CEA8	A0A5M6CEA8
A0A6L5QMB5	A0A6L5QMB5
A0A6L5QMB5	A0A4P6KXG1
A0A6L5QMB5	A0A7X4KEM7
A0A6L5QMB5	A0AA41H4S5
A0A6L5QMB5	A0A4P8HYJ6
A0A6L5QMB5	A0A844D488
A0A6L5QMB5	A0ABW9VIH0
A0A6L5QMB5	A0A1M7QX12
A0A6L5QMB5	A0A845HNP4
A0A6L5QMB5	A0ABW9W632
A0A6L5QMB5	A0A411X1J1
A0A6L5QMB5	A0A845HWJ1
A0A6L5QMB5	A0ABW9SRG4
A0A6L5QMB5	A0ABW9WKN8
A0A6L5QMB5	A0ABX6MB25
A0A6L5QMB5	A0A1A7C7U0
A0A6L5QMB5	A0A6L8K9V1
A0A6L5QMB5	A0ABX0FBX3
A0A6L5QMB5	A0A1E7WYA9
A0A6L5QMB5	A0A6L8MJN2
A0A6L5QMB5	A0ABZ0XWK0
A0A6L5QMB5	A0A6A7NCB3
A0A6L5QMB5	A0A843SML2
A0A6L5QMB5	A0A6I2LC55
A0A6L5QMB5	A0A6I3XJK2
A0A7H0VGW1	A0A7H0VGW1
A0A7V8V866	A0A7V8V866
A0A7V8V866	A0A2S8G3Y1
A0A7V8V866	A0A518C4A5
A0A7Y8Y5L6	A0A7Y8Y5L6
A0A839SQN0	A0A839SQN0
A0A8F5BY25	A0A8F5BY25
A0A8F5BY25	F0NBP5
A0A8F5BY25	Q980N6
A0A8J7U6K9	A0A8J7U6K9
A0A7W0HKI4	A0A7W0HKI4
A0A7Z0RRU3	A0A7Z0RRU3
A0A967AI45	A0A967AI45
A0A9X1JZK7	A0A9X1JZK7
A0A9X1JZK7	A0A2U0HU05
A0A9X1JZK7	A0A2S0I076
A0A9X1JZK7	A0ABW2MR70
A0A9X1JZK7	A0A7G8PX59
A0A9X1JZK7	A0A3E1QEB1
A0A9X1JZK7	A0ABU2YHW6
A0AAP2Z5D2	A0AAP2Z5D2
A0ABD5QDE5	A0ABD5QDE5
A0ABD6D554	A0ABD6D554
A0ABP6QNE8	A0ABP6QNE8
A0ABP8BWX3	A0ABP8BWX3
A0ABP8BWX3	A0A495QQ32
A0ABP8BWX3	A0A372GL43
A0ABP8BWX3	A0A5C4J9U5
A0ABP9Q2P0	A0ABP9Q2P0
A0ABQ3I828	A0ABQ3I828
A0ABR8EHN7	A0ABR8EHN7
A0ABS5NZ16	A0ABS5NZ16
A0ABS5NZ16	A0ABR6CNF0
A0ABS5NZ16	A0ABN8KKZ8
A0ABS5NZ16	A0AB94ISW5
A0ABS5NZ16	A0A5B8YZI7
A0ABS5NZ16	A0A942UQW0
A0ABS5NZ16	A0ABY9WHY9
A0ABS5NZ16	A0A417YTS8
A0ABS5NZ16	A0AA95MPB2
A0ABS5NZ16	A0ABQ3N8Z7
A0ABS5NZ16	A0ABS1TVN4
A0ABS5NZ16	A0A165WQD4
A0ABS5NZ16	K6C210
A0ABS5NZ16	A0ABW8RFC2
A0ABS5NZ16	A0A3T0I461
A0ABT2EPE8	A0ABT2EPE8
A0ABT8Y9M9	A0ABT8Y9M9
A0ABU2D415	A0ABU2D415
A0ABU3NMH7	A0ABU3NMH7
A0ABV0JDE4	A0ABV0JDE4
A0ABV8PZP0	A0ABV8PZP0
A0ABW7NEF0	A0ABW7NEF0
A0ABX2NJ24	A0ABX2NJ24
A0ABX2NJ24	A0A370N9V4
A0ABX2NJ24	A0A7W8V5G2
A0ABX2NJ24	A0A5B0GNH8
A0ABX2NJ24	A0ABR7Q002
A0ABX2NJ24	A0ACC6RTM8
A0ABY4FFK9	A0ABY4FFK9
A0ABY4FFK9	A0A2M9BN11
A0ABY4FFK9	A0A8T9QC14
A0ABY4FFK9	A0A4Z0Q6R1
A0ABY4FFK9	A0A4Z0QHI0
A0ABY4FFK9	A0ABS8ABL6
A0ABY4FFK9	A0ABS8AU10
A0ABZ0S919	A0ABZ0S919
A0AC61YAZ5	A0AC61YAZ5
A0AC61YAZ5	A0A2W7IHU1
A0AC61YAZ5	A0ABS6W1S3
A0AC61YAZ5	A0ABU0ZXE7
A0AC61YAZ5	A0ABU1K712
A0AC61YAZ5	A0ABQ3BYJ2
A0AC61YAZ5	A0A1M6FPW4
A0AC61YAZ5	A0A507ZNT1
A0AC61YAZ5	A0ABU2KM67
A3MXR1	A3MXR1
B3QT68	B3QT68
C5CF15	C5CF15
F4GHK7	F4GHK7
G4SXZ5	G4SXZ5
G4SXZ5	A0A4P9UPJ2
H8I651	H8I651
L1QLV9	L1QLV9
L1QLV9	A0ABS2FEZ7
L1QLV9	A0ABR8Q521
L1QLV9	A0ABR7DDR2
L1QLV9	A0A9X3XMR5
M0I8L3	M0I8L3
M0I8L3	I3R2K3
O29788	O29788
R2TB42	R2TB42
R2TB42	A0A1L8QTE4
R2TB42	A0A2W3ZPE3
R2TB42	A0ABV9N204
R2TB42	A0ABS4CFV6
R2TB42	A0ABS6TCM0
R2TB42	A0A242K2N4
R2TB42	A0ABZ2T9D4
R2TB42	A0A0S3KCG0
R2TB42	A0A1E5GF88
R2TB42	A0A1E5GX60
R2TB42	A0A1E5H645
R2TB42	A0A430B618
R2TB42	A0A1E5HAX5
R2TB42	A0A1E5KV90
R2TB42	R2Q8E2
R2TB42	A0ABS3HUW3
R2TB42	A0ABV0EM86
R2TB42	R2T6I9
R2TB42	A0ABS3LE21
R2TB42	A0A6G8AWK8
R2TB42	R3WZC0
R2TB42	A0ABQ6Z1G1
R2TB42	A0AAQ3Y4X7
R2TB42	A0A200J9Q9
R2TB42	A0ABQ1PWD9
R2TB42	A0A917JFT3
R2TB42	A0A0U2XEW7
R2TB42	S0NPZ7
V4HE26	V4HE26
A0A059XXM0	A0A059XXM0
A0A0P6WVG6	A0A0P6WVG6
A0A0S7BFE6	A0A0S7BFE6
A0A1A9AB64	A0A1A9AB64
A0A1A9AB64	A0ABX9W8Y2
A0A1A9AB64	A0ABX2RNL8
A0A1H8PLC5	A0A1H8PLC5
A0A1I1VQJ2	A0A1I1VQJ2
A0A1I4WRJ3	A0A1I4WRJ3
A0A1I4WRJ3	A0ABU9NTF6
A0A1I4WRJ3	A0A199XVQ5
A0A1M5EUM5	A0A1M5EUM5
A0A5B2WU90	A0A5B2WU90
A0A5D0QV64	A0A5D0QV64
A0A5D0QV64	A0ABW5KUY9
A0A5D0QV64	A0ABW0C9F1
A0A5D0QV64	G2EGW1
A0A5D0QV64	A0A1I5C2U5
A0A5D0QV64	A0A5D0RE59
A0A6G8Q764	A0A6G8Q764
A0A6L9L3Y6	A0A6L9L3Y6
A0A6N8CVA5	A0A6N8CVA5
A0A6N8CVA5	A0ABW5PLY3
A0A7D3XLG2	A0A7D3XLG2
A0A7J0BV97	A0A7J0BV97
A0A7M1UQ39	A0A7M1UQ39
A0A7M1UQ39	D5TZT3
A0A7W3QJF9	A0A7W3QJF9
A0A7Z7PRU0	A0A7Z7PRU0
A0A840V5J8	A0A840V5J8
A0A8J2BKH0	A0A8J2BKH0
A0A8J8G796	A0A8J8G796
A0A934K035	A0A934K035
A0A974NRJ1	A0A974NRJ1
A0A9R1CR07	A0A9R1CR07
A0A9X4RVR9	A0A9X4RVR9
A0AAP6MJY8	A0AAP6MJY8
A0ABD5RDL7	A0ABD5RDL7
A0ABM9P6N7	A0ABM9P6N7
A0ABM9P6N7	A0A238U8M3
A0ABM9P6N7	A0A4R2NM20
A0ABN4KG04	A0ABN4KG04
A0ABP8D537	A0ABP8D537
A0ABR7L209	A0ABR7L209
A0ABR7L209	A0A1H0PRG1
A0ABR8FX76	A0ABR8FX76
A0ABR8FX76	A0A0M3V5W2
A0ABR8FX76	A0A2H6LJ56
A0ABR8FX76	A0A1Z4GDA8
A0ABS3QUK9	A0ABS3QUK9
A0ABS3QUK9	A0ABN2ZN35
A0ABS3QUK9	A0A4V2XNT4
A0ABS3QUK9	A0A6L3VRD0
A0ABS3QUK9	A0A5S4H644
A0ABS3QUK9	A0A7Y9EFY1
A0ABS3QUK9	A0A7Y9G7G7
A0ABS3QUK9	A0A846Z222
A0ABS3QUK9	A0A1I4VYI7
A0ABS3QUK9	A0A4R5C3N7
A0ABS3QUK9	A0A7X0G5U0
A0ABS3QUK9	A0A238WQY0
A0ABS3QUK9	A0A7D3ZRU3
A0ABS3QUK9	A0ABS3S236
A0ABS3QUK9	A0A239E507
A0ABS5QPW3	A0ABS5QPW3
A0ABS5QPW3	A0A1I1H891
A0ABS5QPW3	A0ABM9MQE5
A0ABS5QPW3	A0ABS5QUT5
A0ABS7YWP7	A0ABS7YWP7
A0ABS7YWP7	A0A133KF69
A0ABS7YWP7	A0ABW9MAM1
A0ABS7YWP7	C2BF96
A0ABS7YWP7	A0ABS7SXH9
A0ABS7YWP7	A0ABX2N9Z8
A0ABS7YWP7	A0A6N7VVC7
A0ABT9BGZ9	A0ABT9BGZ9
A0ABT9BGZ9	A0ABP8ISI9
A0ABU7T1T3	A0ABU7T1T3
A0ABU7T1T3	A0A0R1N8H4
A0ABV0KK68	A0ABV0KK68
A0ABV4U315	A0ABV4U315
A0ABW3IBG1	A0ABW3IBG1
A0ABW4XTF9	A0ABW4XTF9
A0ABW4XTF9	A0A316LGA3
A0ABW4XTF9	A0A3A1N341
A0ABW4XTF9	A0A3A1NJN3
A0ABW4XTF9	A0A6I5KXG3
A0ABW4XTF9	A0ABT5XR57
A0ABW4XTF9	A0ABT5XZT1
A0ABW4XTF9	A0AA48I160
A0ABW4XTF9	A0A371JW01
A0ABW4XTF9	A0ABU6IUD6
A0ABW4XTF9	A0ABS3EV73
A0ABW4XTF9	A0ABS3FCB8
A0ABW4XTF9	A0ABS3G2U7
A0ABW4XTF9	A0ABS7ES82
A0ABW4XTF9	G2PJJ3
A0ABW4XTF9	A0A6G7J4B7
A0ABW4XTF9	A0A964WWW6
A0ABW4XTF9	A0ABV8PN33
A0ABW4XTF9	A0A5C8V3H9
A0ABW4XTF9	A0A418NBV1
A0ABW4XTF9	A0A2Z4LVS8
A0ABW4XTF9	A0A4S8RG14
A0ABW4XTF9	A0A285MR59
A0ABW4XTF9	A0A5N5IZQ7
A0ABW4XTF9	A0A850NIT5
A0ABW4XTF9	A0A1H2SZE2
A0ABW4XTF9	A0A444VKT8
A0ABW4XTF9	A0A1M6V635
A0ABW5TVZ1	A0ABW5TVZ1
A0ABW5TVZ1	A0ABS1BKC6
A0ABW5TVZ1	F0SCA7
A0ABW5TVZ1	A0A179DKV7
A0ABW5TVZ1	A0ABW4IIS9
A0ABW5TVZ1	A0A5C0VIC6
A0ABW5TVZ1	A0A419S3K5
A0ABW5TVZ1	A0A7K0FSI9
A0ABW5TVZ1	A0A4U1C0Y4
A0ABX2TBI1	A0ABX2TBI1
A3ZPT6	A3ZPT6
B4W3C4	B4W3C4
C6HXN4	C6HXN4
E4U5P1	E4U5P1
E4U5P1	A0ABR6NZW5
G5JJZ0	G5JJZ0
G5JJZ0	A0A7U7PXN9
G5JJZ0	A0A0H2XFB9
G5JJZ0	Q2FUT0
G5JJZ0	A0A2K4ANY4
G5JJZ0	A0A1U9VX17
H8Z347	H8Z347
K1LLJ8	K1LLJ8
L7VSA6	L7VSA6
Q608K5	Q608K5
Q608K5	A0A858Q8A3
Q608K5	A0ABZ2F583
R4Z771	R4Z771
V6EY94	V6EY94
A0A0P6XQS4	A0A0P6XQS4
A0A0T6LZD0	A0A0T6LZD0
A0A1E9PH72	A0A1E9PH72
A0A1E9PH72	A0ABT4C415
A0A1E9PH72	A0A5N1BLQ2
A0A1E9PH72	A0A109RE58
A0A1H5SJI2	A0A1H5SJI2
A0A1H5SJI2	A0ABT7NJ55
A0A1H5SJI2	A0A5Q0Q7T3
A0A1H5SJI2	A0A2T8HFI3
A0A1H5SJI2	A0ABW3RPW6
A0A1H5SJI2	A0A928UZ37
A0A1H5SJI2	A0ABP7YDF4
A0A1H5SJI2	A0ABW5NMQ4
A0A1H5SJI2	A0A8H9FY09
A0A1H5SJI2	A0ABW5UFE2
A0A1H5SJI2	A0ABQ0W6D2
A0A1H5SJI2	A0A6N8KX78
A0A1H5SJI2	A0ABU8I5J0
A0A1H8UT04	A0A1H8UT04
A0A1K1MPW5	A0A1K1MPW5
A0A1S1QGI4	A0A1S1QGI4
A0A1U7EUB4	A0A1U7EUB4
A0A1Z4N8H9	A0A1Z4N8H9
A0A238Y9A1	A0A238Y9A1
A0A238Y9A1	A0A838AEI3
A0A271J1H8	A0A271J1H8
A0A2C8FAL2	A0A2C8FAL2
A0A2T1NBI0	A0A2T1NBI0
A0A378RPD5	A0A378RPD5
A0A3B7ML39	A0A3B7ML39
A0A418VYZ5	A0A418VYZ5
A0A418VYZ5	A0A3S0RA64
A0A4Q1K327	A0A4Q1K327
A0A4R1H7W0	A0A4R1H7W0
A0A4S5EUU7	A0A4S5EUU7
A0A4S5EUU7	A0A0D8BHT7
A0A4S5EUU7	Q0RH82
A0A518JM37	A0A518JM37
A0A518JM37	A0A517LUI1
A0A518JM37	A0A518IMV4
A0A558DLF0	A0A558DLF0
A0A6L9S9B9	A0A6L9S9B9
A0A7M2WWD4	A0A7M2WWD4
A0A7X0ZJG3	A0A7X0ZJG3
A0A7X0ZJG3	A0ALS3
A0A7X0ZJG3	A0ABR6SZK8
A0A7X0ZJG3	A0ABS1G637
A0A7X0ZJG3	A0A0H3GKL3
A0A7X0ZJG3	Q8Y468
A0A7X0ZJG3	A0ABU2II81
A0A7X0ZJG3	A0ABU2IR61
A0A7X0ZJG3	A0ABN0BUE4
A0A7X0ZJG3	A0ABR5EAK2
A0A8J3YKD9	A0A8J3YKD9
A0A917IR68	A0A917IR68
A0A917IR68	A0A173MDS8
A0A974WEU0	A0A974WEU0
A0A9W4G7P2	A0A9W4G7P2
A0A9W4G7P2	A0A1J1LNS1
A0A9W4G7P2	A0ABR9UCN8
A0A9W4G7P2	A0A7Z9E386
A0ABM9PC85	A0ABM9PC85
A0ABM9PC85	A0A1Y2PEH0
A0ABQ0C515	A0ABQ0C515
A0ABR7M3B7	A0ABR7M3B7
A0ABR9XNX1	A0ABR9XNX1
A0ABT4RBY0	A0ABT4RBY0
A0ABT4RBY0	A0A9X3NGZ1
A0ABT4RBY0	A0A660LD50
A0ABT9N0A1	A0ABT9N0A1
A0ABT9N0A1	A0AAE3W5L0
A0ABT9N0A1	A0AAE3YJC5
A0ABT9N0A1	A0AAE3ZST7
A0ABU2GE60	A0ABU2GE60
A0ABU2GE60	M0CTA4
A0ABU2GE60	E4NMW7
A0ABU2GE60	A0ABU2FXW2
A0ABU7W6R2	A0ABU7W6R2
A0ABU7W6R2	A0ABV8AK51
A0ABU7W6R2	S7XDN3
A0ABU7W6R2	A0A3D9H249
A0ABU7W6R2	A0A842J1E4
A0ABU7W6R2	A0ABT7ZT20
A0ABU7W6R2	A0A1M5ULX1
A0ABU7W6R2	A0A3D9N1G3
A0ABU7W6R2	A0ABR6Y4W3
A0ABU7W6R2	A0ABQ2BYJ2
A0ABU7W6R2	A0ABX2E478
A0ABU7W6R2	A0A9X1FAL7
A0ABU7W6R2	A0ABT6G4T6
A0ABU7W6R2	A0A6L6U5J8
A0ABU7W6R2	A0ABS7XRL6
A0ABU7W6R2	A0ABP8CWA3
A0ABU7W6R2	A0ABS7Y1S2
A0ABU7W6R2	A0A1H1W7R1
A0ABU7W6R2	A0A265UX53
A0ABU7W6R2	A0A4R1KXW1
A0ABU7W6R2	A0A1G8L7S6
A0ABU7W6R2	A0ABS3T263
A0ABU7W6R2	A0A2V4X8I1
A0ABU7W6R2	A0A4U0EVK5
A0ABU7W6R2	A0ABT0H7L9
A0ABU7W6R2	A0ABV6QBU5
A0ABU7W6R2	A0ABS0EJI2
A0ABU7W6R2	A0ABS8EMY5
A0ABU7W6R2	A0ABY2G3C8
A0ABU7W6R2	A0ABN1JP57
A0ABU7W6R2	A0ABU5EMR5
A0ABU7W6R2	A0ABW3KQ38
A0ABU7W6R2	A0A368ZLM6
A0ABU7W6R2	A0A7K1GDM1
A0ABU7W6R2	A0ABW3N4R3
A0ABV6M367	A0ABV6M367
A0ABV6M367	A0ABU0ZLV2
A0ABV6M367	A0A6V8K7D6
A0ABV6M367	A0A6F8YNZ0
A0ABV6M367	A0A6V8KUY4
A0ABV6M367	A0ABQ5R2K9
A0ABV8VU77	A0ABV8VU77
A0ABS5VVA5	A0ABS5VVA5
A0ABT2N2V0	A0ABT2N2V0
A0ABT2N2V0	K9TGL5
A0ABT2N2V0	A0ABT2MPZ0
A0ABT4UGN1	A0ABT4UGN1
A0ABT9QNY5	A0ABT9QNY5
A0ABT9QNY5	A0A239P7E3
A0ABT9QNY5	A0ABV5TX14
A0ABT9QNY5	A0ABP8BE19
A0ABT9QNY5	A0ABN3Y696
A0ABV1DCZ8	A0ABV1DCZ8
A0ABV4YCT6	A0ABV4YCT6
A0ABV4YCT6	A0ABV4WLD7
A0ABV4YCT6	A0ABV4XBQ4
A0ABV4YCT6	A0ABV4Y429
A0ABV8WZ97	A0ABV8WZ97
A0ABW3JUP2	A0ABW3JUP2
A0ABW3JUP2	A0A5S5DKR5
A0ABW5B802	A0ABW5B802
A0ABX0URG1	A0ABX0URG1
A0ABX0URG1	A0A5R9KVC5
A0ABX3I5A2	A0ABX3I5A2
A0ABX3I5A2	A0ABY3FRM7
A0ABX3I5A2	A0A1R1S1X7
A0ABX3I5A2	Q65CS3
A0ABX3I5A2	A0ABN5AL44
A0ABX3I5A2	A0A0J6EFL8
A0ABY4JP41	A0ABY4JP41
A0ABY4JP41	A0A8J3EWX0
A0ABY4JP41	A0ABX2ZNV3
A0ABZ1BNG5	A0ABZ1BNG5
F7XKV8	F7XKV8
I0IPM1	I0IPM1
L9WET2	L9WET2
L9WET2	A0A1N7F7Q3
M0LZH6	M0LZH6
Q0W0B3	Q0W0B3
Q7NCQ6	Q7NCQ6
Q7NCQ6	A0ABY3PKD7
S0FXA8	S0FXA8
A0A0A2WQ32	A0A0A2WQ32
A0A0P7I0S9	A0A0P7I0S9
A0A0P7I0S9	A0ABD6BMZ9
A0A0P7I0S9	A0A1I5RW94
A0A0P7I0S9	A0A8T4GX39
A0A120KN27	A0A120KN27
A0A1G5JVX4	A0A1G5JVX4
A0A1G8MLT2	A0A1G8MLT2
A0A1H6BLH4	A0A1H6BLH4
A0A1H6BLH4	A0A1I3DKK8
A0A1W6K089	A0A1W6K089
A0A202E8U5	A0A202E8U5
A0A2P8D9K7	A0A2P8D9K7
A0A2S7T1B1	A0A2S7T1B1
A0A2T3HR77	A0A2T3HR77
A0A2W1JN10	A0A2W1JN10
A0A368KQR4	A0A368KQR4
A0A368KQR4	A0A2S8F7V4
A0A444IS75	A0A444IS75
A0A4D8RWG4	A0A4D8RWG4
A0A4D8RWG4	A4YCN0
A0A4R5W2B5	A0A4R5W2B5
A0A511ZNB7	A0A511ZNB7
A0A511ZNB7	A0ABW3NDR9
A0A511ZNB7	A0ABY5JR21
A0A511ZNB7	A0ABQ2NRB9
A0A511ZNB7	A0A0A1ML83
A0A511ZNB7	A0ABV9JUU1
A0A521CWZ7	A0A521CWZ7
A0A521CWZ7	A0ABW5JGN5
A0A521CWZ7	A0A9X2L2X8
A0A5C5VYA1	A0A5C5VYA1
A0A6M0P2U3	A0A6M0P2U3
A0A7D5GPC8	A0A7D5GPC8
A0A7M4DAN3	A0A7M4DAN3
A0A7M4DAN3	A0A1Y1CN40
A0A7M4DAN3	A0A2N3HVD8
A0A7M4DAN3	A0A2N3IDX3
A0A7X2J2K0	A0A7X2J2K0
A0A841F8U4	A0A841F8U4
A0A848J0Y3	A0A848J0Y3
A0A848J0Y3	A0ABT3RP57
A0A848J0Y3	A0A4D7JNS1
A0A8J2XQ24	A0A8J2XQ24
A0A8J4ECF0	A0A8J4ECF0
A0A8J4ECF0	A0A8J3YYK1
A0A8T4GE61	A0A8T4GE61
A0A934VQB8	A0A934VQB8
A0A975TAW1	A0A975TAW1
A0A9W6D2P0	A0A9W6D2P0
A0AA35CIK8	A0AA35CIK8
A0AAF0PES7	A0AAF0PES7
A0AAF0PES7	L0JP23
A0AAF0PES7	A0A1S8AYG4
A0AAU0F0R4	A0AAU0F0R4
A0ABD5U7S4	A0ABD5U7S4
A0ABM6QEJ8	A0ABM6QEJ8
A0ABR7QCR4	A0ABR7QCR4
A0ABR7QCR4	A0A2T6C401
A0ABR7QCR4	A9DZS8
A0ABR7QCR4	A0A7L4ZGB3
A0ABT0HH79	A0ABT0HH79
A0ABT0HH79	A0A6P1W2Y7
A0ABT0HH79	A0A6G9AYR0
A0ABT0HH79	A0A6M0IC76
A0ABT7BCF5	A0ABT7BCF5
A0ABT7BCF5	A0A1L9QJG4
A0ABT7BCF5	A0ABT7AW20
A0ABT7BCF5	A0ABT7BMU2
A0ABU5CHS5	A0ABU5CHS5
A0ABU8H8J6	A0ABU8H8J6
A0ABV5CKL2	A0ABV5CKL2
A0ABV5CKL2	A0A4R1M221
A0ABW3JWS3	A0ABW3JWS3
A0ABW8PRW8	A0ABW8PRW8
A0ABW8PRW8	A0A2N9PBL8
A0ABW8PRW8	G8X717
A0ABW8PRW8	A0ABW8PA59
A0ABW8PRW8	A0ABW8PFG4
A0ABX3IJH5	A0ABX3IJH5
A0ABZ1BU30	A0ABZ1BU30
C7NRV5	C7NRV5
C7NRV5	F7PPA4
D5VS63	D5VS63
E8N575	E8N575
F7YVA7	F7YVA7
G6FUY9	G6FUY9
G6FUY9	A0A1U7GST8
G6FUY9	A0A2N6K7G7
K6YC88	K6YC88
L9WQ50	L9WQ50
L9WQ50	L0JUR8
M0M8Z4	M0M8Z4
Q0YUI0	Q0YUI0
Q7NJB1	Q7NJB1
Q7NJB1	A0ABY3PMS7
W0BB74	W0BB74
A0A081BUL5	A0A081BUL5
A0A0P9GLG5	A0A0P9GLG5
A0A1G5R1T0	A0A1G5R1T0
A0ABM6XZM2	A0ABM6XZM2
A0ABM6XZM2	A0ABX0X0F7
A0ABN6G9U7	A0ABN6G9U7
A0ABN6G9U7	A0A1H3CBX5
A0ABN6G9U7	A0A6I6DYU8
A0ABN6G9U7	D3RMW5
A0ABN6G9U7	A0A6N8EJG9
A0ABN6G9U7	A0A850REP9
A0ABP8IZD3	A0ABP8IZD3
A0ABP8IZD3	A0A5R8WHE1
A0ABP8IZD3	A0A9X0L6G5
A0ABP8IZD3	A0A7L4ZY49
A0ABP8IZD3	A0A3S0JAI1
A0ABP8IZD3	A0A328BGM6
A0ABP8IZD3	A0A3B7R0V9
A0ABR5VI55	A0ABR5VI55
A0ABR5VI55	A0ABX1I4T6
A0ABR5VI55	W0DWX1
A0ABR8JIJ6	A0ABR8JIJ6
A0ABR8JIJ6	A0A212TLX6
A0ABR8JIJ6	A0A1M7ET26
A0ABR8JIJ6	A0A939F0R2
A0ABR8JIJ6	A0A4Z0MSU4
A0ABR8JIJ6	A0A6M6BJ57
A0ABR8JIJ6	A0A4Z0P713
A0ABR8JIJ6	A0A4Z0PKU4
A0ABR8JIJ6	A0A7G7W4D6
A0ABR8JIJ6	A0ABY4D323
A0ABR8JIJ6	A0ABX2PZU4
A0ABR8JIJ6	A0ABY4G9J4
A0ABR8JIJ6	A0ABY7LU48
A0ABR8JIJ6	A0ABY7PPQ9
A0ABR8JIJ6	A0A5B7ZVJ7
A0ABS0GSF6	A0ABS0GSF6
A0ABS0GSF6	A0ABQ4DW76
A0ABS0GSF6	A0ABQ4EPX3
A0ABS0GSF6	A0A927M6M0
A0ABS0GSF6	A0ABU7RX63
A0ABS0GSF6	A0ABU7S9M6
A0ABS0GSF6	A0ABW1K7P8
A0ABS3VPX8	A0ABS3VPX8
A0ABS6E0J8	A0ABS6E0J8
A0ABT0JY57	A0ABT0JY57
A0ABT2SZK0	A0ABT2SZK0
A0ABT7BY04	A0ABT7BY04
A0ABT9V5T7	A0ABT9V5T7
A0ABT9V5T7	A0ABW6K5U3
A0ABT9V5T7	A0A7V7UX84
A0ABT9V5T7	A0ABX8FHJ0
A0ABT9V5T7	A0A3S0KIX1
A0ABT9V5T7	A0A4R1AVB2
A0ABT9V5T7	A0A4V5P2F0
A0ABT9V5T7	A0A161PB88
A0ABT9V5T7	A0A919WL00
A0ABT9V5T7	A0ACC6SCE1
A0ABT9V5T7	A0A0Q3SFK2
A0ABU2Y6G1	A0ABU2Y6G1
A0ABU8NG32	A0ABU8NG32
A0ABU8NG32	A0A2D1U594
A0ABV7MJS7	A0ABV7MJS7
A0ABV7MJS7	A0ABZ2BE58
A0ABV7MJS7	A0A176YBE4
A0ABV7MJS7	A0A2W7CLH9
A0ABV7MJS7	A0A859QTF1
A0ABV7MJS7	A0A3P3FNC3
A0ABV7MJS7	A0A0R3KNN7
A0ABV7MJS7	A0A6N7LDU9
A0ABV7MJS7	A0ABW4WFZ3
A0ABV7MJS7	A0A1B1UEG8
A0ABV7MJS7	A0ABU4XH97
A0ABV7MJS7	A0ABU8BFN4
A0ABV7MJS7	A0ABU4XUG6
A0ABV7MJS7	A0ABY8DC20
A0ABV7MJS7	A0A2M8RG29
A0ABV7MJS7	A0ABV2I147
A0ABW2BS41	A0ABW2BS41
A0ABW5YJC0	A0ABW5YJC0
A0ABX0XR66	A0ABX0XR66
A0ABX0XR66	A0A8J3LH76
A0ABX0XR66	A0A8J3T5C6
A0ABX3NU08	A0ABX3NU08
A0ABX3NU08	A0ABS3Z2U1
A0ABX3NU08	A0A1V9EED2
A0ABX3NU08	A0A1V9FEE4
A0ABX3NU08	A0A1V9FHP6
A0ABX3NU08	A0A4V4H175
A0ABY2K6M5	A0ABY2K6M5
A0ABY2K6M5	A0ABM7XG85
A0ABY2K6M5	A0ABS6ZVT5
A0ABY2K6M5	A0A4Q9B4C5
A0ABY2K6M5	A0A1G7IDG7
A0ABY2K6M5	A0A430SB45
A0ABY2K6M5	H7GIY7
A0ABY2K6M5	A0A0X8D5X9
A0ABY2K6M5	A0ABN4IEZ5
A0ABY2K6M5	A0ABY7RMI0
A0ABY2K6M5	A0ABV6PYA5
A0ABY2K6M5	Q72H50
A0ABY2K6M5	Q5SLF5
A0ABY2K6M5	K7QYP4
A0ABY8ATK4	A0ABY8ATK4
A0ABZ1CP78	A0ABZ1CP78
A0ABZ1CP78	A0A106BW42
A6GYJ7	A6GYJ7
A6GYJ7	A0A4Z0L8Q5
A6GYJ7	A0A1I0ZII1
B7K3L6	B7K3L6
C7P6C6	C7P6C6
C7P6C6	Q59045
C7P6C6	A0A8D6PTT3
C7P6C6	A0A076LCR9
D6TM62	D6TM62
D6TM62	A0ABQ3UJF6
E8R6Y4	E8R6Y4
G7V981	G7V981
L9XG48	L9XG48
Q18DX6	Q18DX6
Q8DGY5	Q8DGY5
Q8DGY5	A0A7D6F3A0
S3K033	S3K033
A0A0E3SAV6	A0A0E3SAV6
A0A0E3SAV6	Q8PY47
A0A0E3SAV6	Q8TI38
A0A0E3SAV6	A0A0F8BDL1
A0A0E3SAV6	A0A0E3L9I2
A0A0E3SAV6	A0A0E3S937
A0A0K2GGF8	A0A0K2GGF8
A0A127FBE6	A0A127FBE6
A0A1H6FNF3	A0A1H6FNF3
A0A1I5YQP8	A0A1I5YQP8
A0A1L3JIF5	A0A1L3JIF5
A0A1L3JIF5	A0A2H1EAF1
A0A1T0AS16	A0A1T0AS16
A0A212QNY3	A0A212QNY3
A0A285NZT3	A0A285NZT3
A0A285NZT3	A0AAV3T4B5
A0A2G0CDU6	A0A2G0CDU6
A0A2G0CDU6	A0ABM9AWE9
A0A2G0CDU6	A0A840E3J9
A0A2G0CDU6	A0A2S6I2B8
A0A2G0CDU6	A0A4S4NIP3
A0A2S7WAR2	A0A2S7WAR2
A0A316FGC5	A0A316FGC5
A0A330L846	A0A330L846
A0A3N6MIX2	A0A3N6MIX2
A0A3S9MYZ9	A0A3S9MYZ9
A0A3S9MYZ9	A0A2S9WSG4
A0A3S9MYZ9	W8VRJ4
A0A444WGD9	A0A444WGD9
A0A444WGD9	A0ABW8Y7N8
A0A444WGD9	A0A5B9FXU5
A0A444WGD9	A0A6N8HF69
A0A444WGD9	A0A0A2LVZ3
A0A444WGD9	A0A3S4T1N1
A0A4P6HJU3	A0A4P6HJU3
A0A4P6HJU3	C4XQ03
A0A1C7AF57	A0A1C7AF57
A0A1G6CSX5	A0A1G6CSX5
A0A1G8YCT3	A0A1G8YCT3
A0A1G8YCT3	A0A1I7C434
A0A1G8YCT3	A0A1H0WT81
A0A1G8YCT3	A0A1I1X2M4
A0A1H2ZYM5	A0A1H2ZYM5
A0A1H9VK36	A0A1H9VK36
A0A1H9VK36	A0A7C8KUI8
A0A1H9VK36	A0ABV8WUE2
A0A1L3Q0S5	A0A1L3Q0S5
A0A1L3Q0S5	A0A1L9C523
A0A1L3Q0S5	D5E970
A0A1L3Q0S5	A0A285G4V9
A0A1T2L420	A0A1T2L420
A0A1T2L420	A0A6N0HV43
A0A1X7EGV6	A0A1X7EGV6
A0A1X7EGV6	A0A1G9CGU1
A0A212QRE2	A0A212QRE2
A0A239J4R1	A0A239J4R1
A0A285NZU4	A0A285NZU4
A0A2P8GKN9	A0A2P8GKN9
A0A2P8GKN9	A0A7K1U7N3
A0A2P8GKN9	A0A6B9ZCJ5
A0A2P8GKN9	A0ABS7GHW0
A0A2P8GKN9	A0A3E1NYG8
A0A2P8GKN9	A0ABY4I9Q6
A0A2P8GKN9	A0A1K1NJU7
A0A2P8GKN9	A0A6N8JCC1
A0A2P8GKN9	A0A979GTI6
A0A343TIA1	A0A343TIA1
A0A368W231	A0A368W231
A0A383TVE8	A0A383TVE8
A0A3G6TUY0	A0A3G6TUY0
A0A3G6TUY0	A0A1M7C446
A0A3G6TUY0	A0ABV7XY30
A0A3G6TUY0	A0A3D9C206
A0A3G6TUY0	A0AAD1DPF8
A0A3G6TUY0	A0A1N7L0L6
A0A3G6TUY0	A0A316XCZ8
A0A3G6TUY0	A0ABU0TH47
A0A3G6TUY0	A0A543EJZ8
A0A3G6TUY0	A0ABX9X2J5
A0A3G6TUY0	A0ACC6IS13
A0A3G6TUY0	A0ACC6J5W0
A0A3G6TUY0	A0A2S9CYF7
A0A3G6TUY0	A0A2X2VFS6
A0A3G6TUY0	A0ABU1DYY9
A0A3G6TUY0	A0ABN0AN04
A0A3G6TUY0	A0A5N4BWC2
A0A3G6TUY0	A0A521D2W6
A0A3G6TUY0	A0ABR6PXQ0
A0A3G6TUY0	A0A1B8ZKA2
A0A3G6TUY0	A0A3G6RMP9
A0A3G6TUY0	A0A5D8ZX52
A0A3G6TUY0	A0ABY2R5F3
A0A3G6TUY0	A0A1B8ZR74
A0A3G6TUY0	A0A1N7HX13
A0A3G6TUY0	A0A316X7L7
A0A3G6TUY0	A0A3D9B8S9
A0A3N6MT61	A0A3N6MT61
A0A420VH31	A0A420VH31
A0A4P6JUV1	A0A4P6JUV1
A0A4Q6XSL0	A0A4Q6XSL0
A0A4Q6XSL0	A0ABR7YUW2
A0A4Q6XSL0	A0A1X7J544
A0A4Q6XSL0	A0A0B8T2A1
A0A4Q6XSL0	A0ABW6BEZ7
A0A4Q6XSL0	A0A4R7D5W2
A0A4Q6XSL0	A0ABW5KKF6
A0A4Q6XSL0	A0A1I6VXU8
A0A4Q6XSL0	A0A2S9J8T8
A0A4Q6XSL0	A0ABR7XNI7
A0A4Q6XSL0	A0A2S9JMB9
A0A4Q6XSL0	A0ABR7Y0F6
A0A4Q6XSL0	A0A5S5DRV2
A0A4Q6XSL0	A0ABQ3HUF7
A0A4Q6XSL0	A0A5D4HGY1
A0A4Q6XSL0	A0ABY7WF28
A0A4R2PDP9	A0A4R2PDP9
A0A4R6SMY4	A0A4R6SMY4
A0A4Y8PBK4	A0A4Y8PBK4
A0A4Y8PBK4	A0ABX7PVM7
A0A512DNM7	A0A512DNM7
A0A5C6AJG8	A0A5C6AJG8
A0A5E4PHX5	A0A5E4PHX5
A0A5P2G7Q4	A0A5P2G7Q4
A0A6A8GD17	A0A6A8GD17
A0A6A8GD17	A0ABY5R9H4
A0A6A8GD17	A0A0W1SFX8
A0A6A8GD17	A0A6G1Z5N8
A0A6A8GD17	M0HQA1
A0A6A8GD17	A0A6A8G6X4
A0A7K1GJT4	A0A7K1GJT4
A0A7S7NTP8	A0A7S7NTP8
A0A7W7G8L4	A0A7W7G8L4
A0A7W7G8L4	A0ABW2PJU7
A0A7W7G8L4	A0A7W9DR39
A0A7W7G8L4	A0A919R743
A0A7W7G8L4	A0A367EXH6
A0A7W7G8L4	A0ABW1NVB8
A0A7W7G8L4	A0A917RS01
A0A7W7G8L4	A0ABP7I3W4
A0A7W7G8L4	A0ABV9CVR5
A0A7W7G8L4	A0ABV9ESD7
A0A7X2PBH7	A0A7X2PBH7
A0A8J3CYZ8	A0A8J3CYZ8
A0A8T7MAA4	A0A8T7MAA4
A0A917U5E2	A0A917U5E2
A0A937FA60	A0A937FA60
A0A9C7G6U7	A0A9C7G6U7
A0AA35WYZ5	A0AA35WYZ5
A0AAU7NRM4	A0AAU7NRM4
A0AB35U0N2	A0AB35U0N2
A0ABN0P1C6	A0ABN0P1C6
A0ABN0P1C6	S3K3S2
A0ABP8MME6	A0ABP8MME6
A0ABR5ZWX4	A0ABR5ZWX4
A0ABR5ZWX4	A0A2N6UGP2
A0ABR5ZWX4	A0A3N4GN22
A0ABR5ZWX4	A0ABN0A7M0
A0ABS3YEA9	A0ABS3YEA9
A0ABS3YEA9	A0A3N4MA16
A0ABS6K8N1	A0ABS6K8N1
A0ABS6K8N1	A0A949K510
A0ABT5DDT5	A0ABT5DDT5
A0ABT5DDT5	Q09AN2
A0ABU5HFG4	A0ABU5HFG4
A0ABU8XU39	A0ABU8XU39
A0ABT5K5B8	A0ABT5K5B8
A0ABU5ITG4	A0ABU5ITG4
A0ABU8YSP5	A0ABU8YSP5
A0ABW2ENH2	A0ABW2ENH2
A0ABW2ENH2	A0ABW2K661
A0ABW2ENH2	A0A917BC55
A0ABW8XYU9	A0ABW8XYU9
A0ABW8XYU9	A0A1B9DKJ5
A0ABW8XYU9	A0A1B9DZC8
A0ABW8XYU9	A0A1H3BXT5
A0ABW8XYU9	A0A1M5T7B7
A0ABW8XYU9	A0ABU9HRU5
A0ABW8XYU9	A0A1D9PCF2
A0ABW8XYU9	A0A1H4G2Z8
A0ABW8XYU9	A0ABV4KIW2
A0ABW8XYU9	H7FW19
A0ABW8XYU9	A0ABR7J8E0
A0ABW8XYU9	A0ABV4TPK8
A0ABW8XYU9	A0ABV4TC17
A0ABW8XYU9	A0A066WU08
A0ABW8XYU9	A0A437KK16
A0ABW8XYU9	A0A4R5CQ95
A0ABW8XYU9	A0A4Y4B0B3
A0ABW8XYU9	A0A923N0R8
A0ABW8XYU9	A0ABQ1HRW6
A0ABW8XYU9	A0A1H9RR66
A0ABW8XYU9	A0ABR7UQD2
A0ABY5AWG9	A0ABY5AWG9
A0ABZ1RYZ8	A0ABZ1RYZ8
A0ACD3YB95	A0ACD3YB95
A0ACD3YB95	A0A0N0Z762
A7NJ08	A7NJ08
C9RBY5	C9RBY5
C9RBY5	A0A3D8P3Q9
L9ZS63	L9ZS63
Q1IKS0	Q1IKS0
S5ZJU0	S5ZJU0
W0JNN3	W0JNN3
A0A0Q3WUY8	A0A0Q3WUY8
A0A0Q3WUY8	A0A2N3LEL7
A0A0V7ZQP8	A0A0V7ZQP8
A0A132MYN1	A0A132MYN1
A0A1G6K314	A0A1G6K314
A0A1H9ZN87	A0A1H9ZN87
A0A2S8AET7	A0A2S8AET7
A0A385SRA1	A0A385SRA1
A0A385SRA1	A0A1M5JI39
A0A3N6N662	A0A3N6N662
A0A420W777	A0A420W777
A0A4Q7JDW3	A0A4Q7JDW3
A0A4R3J8U5	A0A4R3J8U5
A0A4Y8SLT3	A0A4Y8SLT3
A0A4Y8SLT3	A0ABR7WWJ7
A0A4Y8SLT3	A0A1S9PLQ9
A0A512LBQ0	A0A512LBQ0
A0A512LBQ0	A0A401JFH5
A0A5B8V7M7	A0A5B8V7M7
A0A5C6RTW9	A0A5C6RTW9
A0A5E6M9B8	A0A5E6M9B8
A0A5E6M9B8	A0A5E6M897
A0A5P9P416	A0A5P9P416
A0A5P9P416	L9W7R6
A0A6A9QMY1	A0A6A9QMY1
A0A6P1DPK4	A0A6P1DPK4
A0A0R1U3Y0	A0A0R1U3Y0
A0A136PSA6	A0A136PSA6
A0A1D8K9F9	A0A1D8K9F9
A0A1G6Q7V6	A0A1G6Q7V6
A0A1G9QFY6	A0A1G9QFY6
A0A1G9QFY6	A0A1I4EB61
A0A1I6LFA0	A0A1I6LFA0
A0A1T4MYB9	A0A1T4MYB9
A0A223KMY0	A0A223KMY0
A0A242A443	A0A242A443
A0A286TY86	A0A286TY86
A0A2H3NPJ7	A0A2H3NPJ7
A0A2R5G397	A0A2R5G397
A0A2R5G397	A0A5P8W325
A0A2R5G397	A0A7D7LE08
A0A2R5G397	A0AA40T318
A0A2R5G397	A0A8J6ZYY5
A0A2R5G397	K9WSK1
A0A2R5G397	A0AAJ6NY44
A0A2R5G397	A0ABM7Z791
A0A2R5G397	A0A8J7HU23
A0A2R5G397	A0A8J7LFN7
A0A2R5G397	B2J119
A0A2R5G397	A0ABR8DT81
A0A2R5G397	A0A2K8SWY9
A0A2R5G397	A0A367QXL6
A0A2R5G397	A0ABR8HA34
A0A2R5G397	A0ABX4KPK7
A0A2R5G397	A0ABR8I1J5
A0A2R5G397	A0ABR8EVL1
A0A2R5G397	A0ABS8ICE7
A0A2R5G397	A0ABR8KF80
A0A345UIN5	A0A345UIN5
A0A426QL70	A0A426QL70
A0A426QL70	A0A1Z4VUG8
A0A4Q7PFV9	A0A4Q7PFV9
A0A4Q7PFV9	A0ABV6FWM8
A0A4Q7PFV9	K1LCE8
A0A4Q7PFV9	A0A2P8DZJ6
A0A4R3KWA7	A0A4R3KWA7
A0A4U5JHW2	A0A4U5JHW2
A0A562UBF7	A0A562UBF7
A0A6B0T855	A0A6B0T855
A0A6I4VYL9	A0A6I4VYL9
A0A6P1TK19	A0A6P1TK19
A0A6P1TK19	A0A6P1TIZ6
A0A7K1TIG4	A0A7K1TIG4
A0A7K1TIG4	A0ABP8PW27
A0A7T6AP63	A0A7T6AP63
A0A842HFC1	A0A842HFC1
A0A895YB37	A0A895YB37
A0A8J7DSE3	A0A8J7DSE3
A0A8U0A0M0	A0A8U0A0M0
A0A8U0A0M0	A0A3P3R8C0
A0AA41Q0S2	A0AA41Q0S2
A0AAE3FV14	A0AAE3FV14
A0ABD5YRL1	A0ABD5YRL1
A0ABM7WQ42	A0ABM7WQ42
A0ABP1EFL8	A0ABP1EFL8
A0ABP1EFL8	A0AAP1RG19
A0ABT0XMU0	A0ABT0XMU0
A0ABT0XMU0	A0ABT9YIJ1
A0ABT5VWF0	A0ABT5VWF0
A0ABT7Y989	A0ABT7Y989
A0ABP8UHB8	A0ABP8UHB8
A0ABP8UHB8	A0A9W6RYZ3
A0ABP8UHB8	A0ABP8Q8Y0
A0ABP8UHB8	A0A7W7MQB5
A0ABP8UHB8	W8JNL4
A0ABP8UHB8	A0A1G9FQX8
A0ABP8UHB8	R4LHX8
A0ABP8UHB8	A0ABV5YQK7
A0ABP8UHB8	A0A5B2WM47
A0ABP8UHB8	A0A8H9J0C4
A0ABP8UHB8	A0ABV0LIV6
A0ABP8UHB8	A0ABQ3YJN7
A0ABS2RCP5	A0ABS2RCP5
A0ABS9BCH2	A0ABS9BCH2
A0ABT1AU33	A0ABT1AU33
A0ABT8CPN9	A0ABT8CPN9
A0ABU5ZFR0	A0ABU5ZFR0
A0ABU5ZFR0	A0A1H2XKF0
A0ABV3M8Q1	A0ABV3M8Q1
A0ABV3M8Q1	A0ABM7XQA5
A0ABV3M8Q1	C9A672
A0ABV9T2F9	A0ABV9T2F9
A0ABV9T2F9	A0A1H6ZX45
A0ABV9T2F9	A0ABT8C9K7
A0ABV9T2F9	A0A1M7NCF7
A0ABV9T2F9	G0J0M9
A0ABV9T2F9	A0ABX0H2G3
A0ABV9T2F9	A0A0H4PP87
A0ABV9T2F9	R7ZQP1
A0ABV9T2F9	A0A512CCA9
A0ABW2T9G9	A0ABW2T9G9
A0LSH1	A0LSH1
B9KY14	B9KY14
D1C2I6	D1C2I6
G0EEW7	G0EEW7
K9Z4F1	K9Z4F1
Q30XU7	Q30XU7
T2KIQ0	T2KIQ0
T2KIQ0	A0A516GV86
T2KIQ0	A0A9X0YJ26
T2KIQ0	A0ABV5F3Z1
A4X4S2	A4X4S2
A4X4S2	A0A542XVI1
A4X4S2	A8M783
A4X4S2	A0ABX0Z6K3
A0A0C1RWP6	A0A0C1RWP6
A0A0C1RWP6	A0ABM9IEC7
A0A0F7P7C7	A0A0F7P7C7
A0A0M9VGX8	A0A0M9VGX8
A0A0S2HX42	A0A0S2HX42
A0A0W1R8F2	A0A0W1R8F2
A0A1E3G491	A0A1E3G491
A0A1G6YPQ3	A0A1G6YPQ3
A0A1H0E0I3	A0A1H0E0I3
A0A1H3RNZ3	A0A1H3RNZ3
A0A1H3RNZ3	A0ABQ4CBS1
A0A1H3RNZ3	A0ABQ4CWW9
A0A1H3RNZ3	A0A239PCR1
A0A1H3RNZ3	A0A3D9ZL08
A0A1H7I1E4	A0A1H7I1E4
A0A1I6X1Y5	A0A1I6X1Y5
A0A1M5VZP3	A0A1M5VZP3
A0A1T4WB80	A0A1T4WB80
A0A1V6M0S5	A0A1V6M0S5
A0A2S1LPF0	A0A2S1LPF0
A0A317L309	A0A317L309
A0A370G7K8	A0A370G7K8
A0A3D9L168	A0A3D9L168
A0A4P8L5B6	A0A4P8L5B6
A0A4R3XVL5	A0A4R3XVL5
A0A2X4VXG4	A0A2X4VXG4
A0A364RE33	A0A364RE33
A0A3A6Q3S7	A0A3A6Q3S7
A0A3A6Q3S7	M1XU32
A0A3R7GIL5	A0A3R7GIL5
A0A3R7GIL5	F8D3W6
A0A4Q0MAV7	A0A4Q0MAV7
A0A4Q0MAV7	A0A2U2PG70
A0A4Q0MAV7	A0ABW4ZPV0
A0A4R4K9S5	A0A4R4K9S5
A0A4R8DF43	A0A4R8DF43
A0A517YSC3	A0A517YSC3
A0A5B9Q9X1	A0A5B9Q9X1
A0A5B9Q9X1	A0A5C6CV61
A0A5C7FPJ2	A0A5C7FPJ2
A0A5C7FPJ2	A0A1H9IN96
A0A5C7FPJ2	A0A923PPN8
A0A5K7ZBF5	A0A5K7ZBF5
A0A7K3WVP8	A0A7K3WVP8
A0A8D5AHE1	A0A8D5AHE1
A0A918ZZD2	A0A918ZZD2
A0A928Z7R2	A0A928Z7R2
A0A949K3V9	A0A949K3V9
A0A949K3V9	A0ABS6K8N2
A0A9X1B371	A0A9X1B371
A0AAE3LK41	A0AAE3LK41
A0ABD5MD75	A0ABD5MD75
A0ABD6APR7	A0ABD6APR7
A0ABD6APR7	A0A6B0GNC6
A0ABD6APR7	A0ABD5RK32
A0ABN3HI94	A0ABN3HI94
A0ABP3UK86	A0ABP3UK86
A0ABP3UK86	A0A4Q7NUM7
A0ABP3UK86	A0A918N2W0
A0ABP3UK86	A0ABU5ZW43
A0ABP3UK86	A0ABW5LJY2
A0ABP3UK86	A0A1M6CA77
A0ABP3UK86	A0A023BVM3
A0ABP3UK86	A0ABW5NDF0
A0ABP3UK86	A0A1H7WZY8
A0ABP3UK86	A0A5S5BYL0
A0ABP3UK86	A0A504JA09
A0ABP3UK86	A0A554VQQ7
A0ABP3UK86	A0ABP6URA1
A0ABP3UK86	A0A162XEX4
A0ABP3UK86	A0ABW5AU87
A0ABP3UK86	A0A937DA80
A0ABP9CIF3	A0ABP9CIF3
A0ABS3E1I7	A0ABS3E1I7
A0ABT6D4L3	A0ABT6D4L3
A0ABT8L0U3	A0ABT8L0U3
A0ABV4BCZ3	A0ABV4BCZ3
A0ABV8KGZ9	A0ABV8KGZ9
A0ABW4HMH7	A0ABW4HMH7
A0ABW4HMH7	A0A8J2TTB8
A0ABW4HMH7	A0ABU5CVE3
A0ABX6LDW6	A0ABX6LDW6
A0ABX6LDW6	A0A1T4U567
A0ABX6LDW6	A0A365XVE9
A0ABX6LDW6	A0A847S357
A0ABX6LDW6	A0A848GM84
A0ABX6LDW6	A0ABR7TSM2
A0ABX9R8T1	A0ABX9R8T1
A0ABX9R8T1	A0A1C3N3U3
A0ABX9R8T1	A0A1N7AXQ5
A0ABY9R6T1	A0ABY9R6T1
A1WV95	A1WV95
B0L7F5	B0L7F5
B0L7F5	A4X3Q0
C1DXI2	C1DXI2
D2QUI9	D2QUI9
D2QUI9	A0A0E3V5E2
D2QUI9	A0A286G2M2
D2QUI9	A0ABW6ABI3
D2QUI9	A0ABR6W9I5
D2QUI9	A0A1I1VDV8
E1QH12	E1QH12
F2NGN2	F2NGN2
H3NFZ6	H3NFZ6
H3NFZ6	A0AB74TW05
I4C807	I4C807
A0ABT1G539	A0ABT1G539
A0ABT6F3B2	A0ABT6F3B2
A0ABU9VDT1	A0ABU9VDT1
A0ABV4JSG1	A0ABV4JSG1
A0ABV8LL39	A0ABV8LL39
A0ABW5MUQ7	A0ABW5MUQ7
A0ABY6G1W1	A0ABY6G1W1
A0ABY6G1W1	A0ABT0QZF1
A0ABY6G1W1	A0ABS1BD00
A0ABY6G1W1	A0A1X6X907
A0ABY6G1W1	A0ABY4N8S5
A0ABZ2UW62	A0ABZ2UW62
A1ZH74	A1ZH74
B1L7J4	B1L7J4
D2R2V2	D2R2V2
F2NKU1	F2NKU1
I4EJF1	I4EJF1
L0H0F5	L0H0F5
N0BIN6	N0BIN6
Q3M6I7	Q3M6I7
Q3M6I7	A0A8J7L2C8
Q3M6I7	A0ABR7ZEE7
Q3M6I7	A0ABR8BGJ4
Q3M6I7	A0ABR8CLH2
Q3M6I7	A0ABR8DAV0
Q9Y9E9	Q9Y9E9
Q9Y9E9	U3THV7
U5DJZ1	U5DJZ1
A0A0D0FTP1	A0A0D0FTP1
A0A0D0FTP1	A0A127VBS9
A0A0X3AQ78	A0A0X3AQ78
A0A150X8Z0	A0A150X8Z0
A0A1C4ZE57	A0A1C4ZE57
A0A1C4ZE57	A0A1A8Z2R1
A0A1C4ZE57	A0A1C6TZP1
A0A1H0YGI0	A0A1H0YGI0
A0A1H4FDX8	A0A1H4FDX8
A0A1H7WYX9	A0A1H7WYX9
A0A1H7WYX9	A0ABV6HSG1
A0A1H7WYX9	A0ABW6B7S8
A0A1M4XC70	A0A1M4XC70
A0A1M6DYW3	A0A1M6DYW3
A0A1M6DYW3	B8FBT9
A0A250IA81	A0A250IA81
A0A2A2HWQ9	A0A2A2HWQ9
A0A2A2HWQ9	A0A0E3KYZ7
A0A2A2HWQ9	A0A660HVE9
A0A2A2HWQ9	A0A0E3Q9J9
A0A2A2HWQ9	A0A0E3QWS7
A0A2A2HWQ9	A0A0E3SPM8
A0A2I2KPH3	A0A2I2KPH3
A0A2S4N8H8	A0A2S4N8H8
A0A2T0Q9W8	A0A2T0Q9W8
A0A2Z2HT41	A0A2Z2HT41
A0A326URG9	A0A326URG9
A0A365GX86	A0A365GX86
A0A3A6QF42	A0A3A6QF42
A0A3A6QF42	A0A544QQI7
A0A3A6QF42	A0A3A6QEY7
A0A3R9DY47	A0A3R9DY47
A0A3R9DY47	A0ABU5R110
A0A3R9DY47	A0A9X2NHS7
A0A3R9DY47	A0ABY8XW06
A0A3R9DY47	A0A428VXD4
A0A3R9DY47	A0ABR9IA28
A0A3R9DY47	A0A6I8M2N5
A0A3R9DY47	R1G322
A0A3R9DY47	A0A229TGA2
A0A3R9DY47	A0A1H4IUX6
A0A3R9DY47	A0ABQ3KMB2
A0A3R9DY47	A0ABV5TY58
A0A3R9DY47	A0A9R0UE92
A0A3R9DY47	A0A066UI16
A0A3R9DY47	A0A1H5QUB6
A0A3R9DY47	A0ABV0LAF1
A0A3R9DY47	A0A1K1QBU1
A0A3R9DY47	A0A9Y2JW73
A0A3R9DY47	A0ABW5GAJ1
A0A411YGM6	A0A411YGM6
A0A4Q0P9M5	A0A4Q0P9M5
A0A4Q0P9M5	A0A2G1VQI7
A0A4Q0P9M5	A0A1M5XYQ6
A0A4Q0P9M5	A0A4Q0NVA1
A0A4Q0P9M5	A0A4Q0PBV2
A0A4Q0P9M5	A0ABY1HMM3
A0A4Q0P9M5	A3XRL2
A0A4Q0P9M5	A0ABS8GRL6
A0A4R8IF80	A0A4R8IF80
A0A518BJX3	A0A518BJX3
A0A564ZLW2	A0A564ZLW2
A0AA86T6G6	A0AA86T6G6
A0AAE3XNL3	A0AAE3XNL3
A0AAV3UKV2	A0AAV3UKV2
A0AAV3UKV2	A0A1N6WJ93
A0ABD5PH74	A0ABD5PH74
A0ABD6C9K6	A0ABD6C9K6
A0ABM9D3Z7	A0ABM9D3Z7
A0ABM9D3Z7	A0A2U1DFD7
A0ABP8ALN9	A0ABP8ALN9
A0ABP9HIT1	A0ABP9HIT1
A0ABQ5TIP9	A0ABQ5TIP9
A0ABQ5TIP9	Q8CUP0
A0ABS1H632	A0ABS1H632
A0ABS5I8F3	A0ABS5I8F3
A0ABS9KW70	A0ABS9KW70
A0ABU3K409	A0ABU3K409
A0ABV5YTV3	A0ABV5YTV3
A0ABV5YTV3	A0A543CGK4
A0ABV5YTV3	A0A9W6VXF2
A0ABV5YTV3	A0ABP8R8F7
A0ABW3CRV8	A0ABW3CRV8
A0ABW4QUN0	A0ABW4QUN0
A0ABW4QUN0	A0A558BLM3
A0ABW7CF31	A0ABW7CF31
A0ABX0A512	A0ABX0A512
A0ABX0A512	A0ABT2WIT5
A0ABX7B549	A0ABX7B549
A0ABY4DDJ1	A0ABY4DDJ1
A0ABY4DDJ1	F0RYE5
A0ABY6J900	A0ABY6J900
A3DNT1	A3DNT1
A3DNT1	D7D9C1
D3DK02	D3DK02
E3J0M3	E3J0M3
E3J0M3	A0A1V2IGI5
E3J0M3	A0A937RMW3
F4BYI2	F4BYI2
G2Z4L9	G2Z4L9
H6SNA8	H6SNA8
N4WL07	N4WL07
Q3Z6A3	Q3Z6A3
Q3Z6A3	A0A916P5Q7
U5QMV8	U5QMV8
A0A024QE08	A0A024QE08
A0A024QE08	A0ABQ2DS65
A0A098LCX3	A0A098LCX3
A0A0D2GAN1	A0A0D2GAN1
A0A0S4QDY6	A0A0S4QDY6
A0A1I1Q744	A0A1I1Q744
A0A1M6EIN6	A0A1M6EIN6
A0A1T5H3Y8	A0A1T5H3Y8
A0A1T5H3Y8	A0A9E8SKK6
A0A1T5H3Y8	A0A9X1PNR3
A0A1T5H3Y8	A0A9X1T6Z2
A0A1Y6K5Q3	A0A1Y6K5Q3
A0A256A311	A0A256A311
A0A2A4G100	A0A2A4G100
A0A2I8VPM8	A0A2I8VPM8
A0A2U9IET7	A0A2U9IET7
A0A327QVL5	A0A327QVL5
A0ABT6RH12	A0ABT6RH12
A0ABT6RH12	A0A9E2SBU4
A0ABU2FL17	A0ABU2FL17
A0ABU2FL17	A0A8J7YJH5
A0ABV0K0S4	A0ABV0K0S4
A0ABV0K0S4	A0A1U7J496
A0ABV4TSS0	A0ABV4TSS0
A0ABV6L7V3	A0ABV6L7V3
A0ABV6L7V3	A0A5B8W7Z9
A0ABV6L7V3	A0ABP7PFB4
A0ABW3HYH7	A0ABW3HYH7
A0ABW4X2C9	A0ABW4X2C9
A0ABW7SE16	A0ABW7SE16
A0ABW7SE16	A0AAJ2ZEA6
A0ABW7SE16	A0ABU5J880
A0ABW7SE16	A0ABP8S761
A0ABW7SE16	A0A317KCQ9
A0ABW7SE16	A0A4Q8BAJ8
A0ABW7SE16	A0A1C4WHT9
A0ABW7SE16	A0A1C4YUK3
A0ABW7SE16	A0ABV8M562
A0ABW7SE16	A0A0D0X3I9
A0ABW7SE16	A0ABZ0A1L9
A0ABW7SE16	A0A1C5GQA0
A0ABW7SE16	A0A1C5I2U2
A0ABW7SE16	A0A1C5JDB4
A0ABW7SE16	A0A1C5JKQ5
A0ABW7SE16	A0A1C5K548
A0ABW7SE16	A0A1C6RXP4
A0ABW7SE16	A0ABW1HR13
A0ABW7SE16	A0A1C6SMT6
A0ABW7SE16	A0A1C6UA88
A0ABW7SE16	A0A561VJD9
A0ABW7SE16	A0ABU2X2Q5
A0ABW7SE16	A0A1C6UVE6
A0ABW7SE16	A0ABZ1EMS6
A0ABW7SE16	A0A562IDN7
A0ABZ0UID8	A0ABZ0UID8
B4SEE3	B4SEE3
C6BU25	C6BU25
D3SNP4	D3SNP4
H8XTX5	H8XTX5
L7VM15	L7VM15
A0A0A2H0I0	A0A0A2H0I0
A0A0A2H0I0	A0ABV9L809
A0A0P6XL16	A0A0P6XL16
A0A101J4U0	A0A101J4U0
A0A1G8E8Y6	A0A1G8E8Y6
A0A1K1LRM2	A0A1K1LRM2
A0A1K1LRM2	A0A926Q3R6
A0A1K1LRM2	A0A3N0ES88
A0A1U7CWZ6	A0A1U7CWZ6
A0A1Z4LIF3	A0A1Z4LIF3
A0A1Z4LIF3	A0A8J7F0E6
A0A2N9YJI5	A0A2N9YJI5
A0A2N9YJI5	I3CD76
A0A2S7ITM9	A0A2S7ITM9
A0A2T1M3Q1	A0A2T1M3Q1
A0A2V3Y0S3	A0A2V3Y0S3
A0A2V3Y0S3	A0ABR7HB01
A0A2V3Y0S3	A0A4R3KGS0
A0A2V3Y0S3	F4LPI0
A0A2V3Y0S3	G5IKA5
A0A2V3Y0S3	A0A315ZXC6
A0A2V3Y0S3	A0A7X2NKR1
A0A378JL62	A0A378JL62
A0A3B7ML14	A0A3B7ML14
A0A3B7ML14	A0A4V2F1Y2
A0A3S0ZP91	A0A3S0ZP91
A0A434ATC9	A0A434ATC9
A0A4Q1K2B5	A0A4Q1K2B5
A0ABW4YBP4	A0ABW4YBP4
A0ABW4YBP4	G2E0F0
A0ABX0IT14	A0ABX0IT14
A0ABX0IT14	A0A6I4IIH3
A0ABX0IT14	A0ABV5GNH8
A0ABX0IT14	A0ABY4HJ72
A0ABX7QEL0	A0ABX7QEL0
A0ABX7QEL0	A0A344LVM8
A0ABX7QEL0	A0A521F6P8
A0ABX7QEL0	A0ABX4CPS9
A0ABX7QEL0	A0AB36NV57
A0ABX7QEL0	A0ABS8MJG3
A0ABX7QEL0	A0ABS8MNY9
A0ABX7QEL0	A0A3D9FSI3
A0ABX7QEL0	A0A085ZE44
A0ABX7QEL0	A0A1M7LIM5
A0ABX7QEL0	A0ABR6QK29
A0ABX7QEL0	A0A7W7N946
A0ABX7QEL0	A0ABU9IS18
A0ABX7QEL0	A0A1M5UWS7
A0ABX7QEL0	A0A226HKM2
A0ABX7QEL0	A0A6V6YX67
A0ABX7QEL0	A0A2S1YQS4
A0ABX7QEL0	A0A6J4GV72
A0ABX7QEL0	A0A6V6Z9H8
A0ABX7QEL0	A0A227NM77
A0ABX7QEL0	A0ABP7YT06
A0ABX7QEL0	A0A9X3HNZ7
A0ABX7QEL0	A0ABV6BL79
A0ABX7QEL0	A0A1J7CH75
A0ABX7QEL0	A0A1I1X6Z8
A0ABX7QEL0	A0ABS1KJ87
A0ABX7QEL0	A0ABU4RA59
A0ABX7QEL0	A0ABV8W5F2
A0ABX7QEL0	A0ABP7FGH8
A0ABX7QEL0	A0AAC9GJJ1
A0ABX7QEL0	A0ABZ2Q3U1
A0ABX7QEL0	A0ABV8ZK45
A0ABX7QEL0	A0ABY4LSN9
A0ABX7QEL0	A0A521F3H8
A0ABX7QEL0	A0ABV5FMN3
A0ABY1NIG6	A0ABY1NIG6
A0ABZ0W6Y1	A0ABZ0W6Y1
A0ABZ0W6Y1	A0ABS9SGI6
A0ABZ0W6Y1	A0ABU7RGB3
A0ABZ0W6Y1	A0ABZ2EJU9
A4BT21	A4BT21
B5IFP7	B5IFP7
E6VZJ3	E6VZJ3
E6VZJ3	A0A7K1KPJ4
K2FJ56	K2FJ56
K2FJ56	A0A1H3I038
K2FJ56	A0ABX4HSV2
K2FJ56	A0A1N7K8Y4
K2FJ56	A0ABY1KWC2
K2FJ56	A0A1G8WQI7
L8JZN2	L8JZN2
L8JZN2	A0A937KFK6
L8JZN2	A0ABW9RSN9
Q0ABE8	Q0ABE8
A0A0D8ZU95	A0A0D8ZU95
A0A0H4VPY8	A0A0H4VPY8
A0A0H4VPY8	A0A6P1NY96
A0A0H4VPY8	A0ABR6VTU3
A0A0H4VPY8	A0A3M9MAP2
A0A0H4VPY8	A0A3M9MRL2
A0A0H4VPY8	A0A839GD14
A0A0H4VPY8	A0A0P0C5F5
A0A0H4VPY8	A0A5M8QIF0
A0A0H4VPY8	A0A5B6TQP3
A0A0H4VPY8	A0ABP8FDZ8
A0A0H4VPY8	A0ABW2DQ44
A0A0P6XTB6	A0A0P6XTB6
A0A0U1NWE4	A0A0U1NWE4
A0A1G8GLC5	A0A1G8GLC5
A0A1H5YWJ1	A0A1H5YWJ1
A0A1H5YWJ1	A0ABD6CHU5
A0A1H5YWJ1	A0ABD6DQR2
A0A1I5EFF9	A0A1I5EFF9
A0A1K1MSD5	A0A1K1MSD5
A0A1K1MSD5	F0REK0
A0A1K1MSD5	A0ABN0RN51
A0A1M5J5D3	A0A1M5J5D3
A0A1M5J5D3	A0ABY2WMW5
A0A1M5J5D3	A0A0Q1DKF6
A0A1M5J5D3	A0ABT0PWC9
A0A1S1R223	A0A1S1R223
A0A1S1R223	A0A0S4QF83
A0A1S1R223	A0A1S1PMI1
A0A1W2G6K7	A0A1W2G6K7
A0A1W2G6K7	A0ABY6CY93
A0A238YJ39	A0A238YJ39
A0A238YJ39	A0A1R1MMS1
A0A284VRC6	A0A284VRC6
A0A2C9CB31	A0A2C9CB31
A0A2K8UDH3	A0A2K8UDH3
A0A2P4UHU5	A0A2P4UHU5
A0A2Z5FWP9	A0A2Z5FWP9
A0A379CDR8	A0A379CDR8
A0A3S2VQ90	A0A3S2VQ90
A0A4D4J6M4	A0A4D4J6M4
A0A4R5DDE6	A0A4R5DDE6
A0A4S8HVE5	A0A4S8HVE5
A0A4S8HVE5	A0ABS3YVB9
A0A4S8HVE5	A0A1V9E4T5
A0A4S8HVE5	A0A1V9FW88
A0A4S8HVE5	A0A1V9G1M0
A0A4S8HVE5	A0ABX3P1N8
A0A518KC81	A0A518KC81
A0A560FJ20	A0A560FJ20
A0A560FJ20	A0A248JTY0
A0A560FJ20	A0A560GWD1
A0A5B7SMI5	A0A5B7SMI5
A0A5B7SMI5	A0A967AYD7
A0A656D5Z7	A0A656D5Z7
A0A6H1TTQ1	A0A6H1TTQ1
A0A6M0CUQ3	A0A6M0CUQ3
A0A6N8G2D9	A0A6N8G2D9
A0A6N8G2D9	A0ABR9UVU5
A0A7X1E9W1	A0A7X1E9W1
A0A7Z9E292	A0A7Z9E292
A0A848DJ44	A0A848DJ44
A0A8J2UHJ8	A0A8J2UHJ8
A0A8J8JVM8	A0A8J8JVM8
A0A367X0R5	A0A367X0R5
A0A3S2W185	A0A3S2W185
A0A4D6HCN3	A0A4D6HCN3
A0A4D6HCN3	A0A897NS78
A0A4Q1U4Y6	A0A4Q1U4Y6
A0A4Q1U4Y6	A0AAN1C6C4
A0A4Q1U4Y6	A0ABY9LC04
A0A4Q1U4Y6	A0ABY8DM24
A0A4Q1U4Y6	A0ABY9L3U2
A0A4Q1U4Y6	A0A7S7FNC5
A0A4Y6PYH3	A0A4Y6PYH3
A0A521BB53	A0A521BB53
A0A5B7TSH3	A0A5B7TSH3
A0A5B7TSH3	A0ABS0WKY7
A0A5B7TSH3	A0A3N4NQI7
A0A5D3FMG8	A0A5D3FMG8
A0A5D3FMG8	A0A5D0NGE1
A0A5D3FMG8	A0A5D0U2I5
A0A5N1IJ06	A0A5N1IJ06
A0A5N1IJ06	A0ABS1BYD3
A0A5N1IJ06	A0ABW0E5R8
A0A6H1WU18	A0A6H1WU18
A0A7J9SIN2	A0A7J9SIN2
A0A7J9SIN2	A0A830ENV4
A0A7M2YX08	A0A7M2YX08
A0A7X1ZDC3	A0A7X1ZDC3
A0A841C0A1	A0A841C0A1
A0A8J2VC47	A0A8J2VC47
A0A8J8P8H2	A0A8J8P8H2
A0A923DYM3	A0A923DYM3
A0A923DYM3	A0ABX2DA59
A0A923DYM3	A0A1D7QP49
A0A923DYM3	A0A4R6T210
A0A923DYM3	A0A4U1CRM7
A0A923DYM3	A0A285ZX36
A0A923DYM3	A0A4U1GBR9
A0A923DYM3	A0A521FTI8
A0A923DYM3	A0ABR6ETF1
A0A923DYM3	A0ABW9J4P7
A0A923DYM3	A0ABW9JIR5
A0A923DYM3	A0A318UYT7
A0A923DYM3	A0A916UB57
A0A923DYM3	A0A0D0GJN3
A0A923DYM3	A0A4R0MU00
A0A923DYM3	A0ABU7I577
A0A923DYM3	A0A1H4H1A6
A0A923DYM3	A0A4R0NMI6
A0A923DYM3	A0A1W2DE44
A0A923DYM3	A0A1W2DU93
A0A923DYM3	A0ABS9ZYH8
A0A923DYM3	C6XVZ1
A0A923DYM3	A0A2T3HJL0
A0A923DYM3	A0A3S3PD72
A0A923DYM3	A0ACC6KTX0
A0A923DYM3	A0A4R6IPD2
A0A923DYM3	A0A1M5KNS7
A0A923DYM3	A0A1G9JSU0
A0A923DYM3	A0A081PKV5
A0A923DYM3	A0A4U1CBP9
A0A923DYM3	A0ABU8NH08
A0A923DYM3	A0A2D1U520
A0A923DYM3	A0A127VB72
A0A923DYM3	A0A1I2WMA3
A0A923DYM3	A0A4U1CQV6
A0A975GGN1	A0A975GGN1
A0A9Y2IKN5	A0A9Y2IKN5
A0A9Y2IKN5	A0A2N3WHD5
A0A9Y2IKN5	A0ABX0BNR7
A0A9Y2IKN5	A0A840J204
A0A9Y2IKN5	A0A2A9FDK4
A0A9Y2IKN5	A0A7W3VZ32
A0A9Y2IKN5	A0ABP6WX55
A0A9Y2IKN5	A0A1H8YJM1
A0A9Y2IKN5	A0A419I375
A0A9Y2IKN5	A0ABW5H4U3
A0A9Y2IKN5	A0ABW5I2F2
A0A9Y2IKN5	A0ABV7QHB5
A0A9Y2IKN5	A0ABZ1I0X9
A0AAC8QGR5	A0AAC8QGR5
A0AAC8QGR5	A0ABY9WM46
A0AAC8QGR5	A0ABT4AHU3
A0AAQ4CMW7	A0AAQ4CMW7
A0AAW9QFL0	A0AAW9QFL0
A0ABN5BFN3	A0ABN5BFN3
A0ABN5BFN3	A0ABS0SLN5
A0ABN5BFN3	A0A1Z4BQ36
A0ABN5BFN3	A0ABS1YU53
A0ABP7FFN9	A0ABP7FFN9
A0ABP8FPB4	A0ABP8FPB4
A0ABQ0JYN7	A0ABQ0JYN7
A0ABR9ZQ11	A0ABR9ZQ11
A0ABS5VP17	A0ABS5VP17
A0ABT6ZNB1	A0ABT6ZNB1
A0ABT6ZNB1	W0W999
A0ABT6ZNB1	A0ABU0T0Z4
A0ABT6ZNB1	F8JPG4
A0ABT6ZNB1	Q70GK9
A0ABT6ZNB1	A0A7Y7B3E7
A0ABT9PGT7	A0ABT9PGT7
A0ABT9PGT7	A0ABV3N974
A0ABT9PGT7	A0A7M1QTB0
A0ABT9PGT7	A0ABT9NEP7
A0ABV1DCZ3	A0ABV1DCZ3
A0ABW5WQS2	A0ABW5WQS2
A0ABW5WQS2	A0A084TJH6
A0ABW5WQS2	A0ABR8LXK3
A0ABW5WQS2	A0ABW5JWQ1
A0ABW5WQS2	A0A327RRN5
A0ABW5WQS2	A0A368P6V0
A0ABX7S8K9	A0ABX7S8K9
A4CKG4	A4CKG4
B5YJH2	B5YJH2
C7M7D8	C7M7D8
E7QR99	E7QR99
K4IEA7	K4IEA7
K4IEA7	A0ABN1K7K6
K4IEA7	A0A6B3R602
K4IEA7	N1WRP6
K4IEA7	A0ABS7XIF8
K4IEA7	A0ABW3GR51
K4IEA7	A0A1G7V4D7
A0A5B8U123	A0A5B8U123
A0A5C5ZRK4	A0A5C5ZRK4
A0A6I3LJ31	A0A6I3LJ31
A0A6M1SW13	A0A6M1SW13
A0A6N9YMQ0	A0A6N9YMQ0
A0A7D5SRF8	A0A7D5SRF8
A0A7D5SRF8	A0A7T3KVP3
A0A7D5SRF8	M0CMN4
A0A7D5SRF8	A0A7D5SWZ5
A0A7X2NSG2	A0A7X2NSG2
A0A830EAD7	A0A830EAD7
A0A830EAD7	F0QWW7
A0A830EAD7	E1QS62
A0A841HTF4	A0A841HTF4
A0A852TT85	A0A852TT85
A0A8T7LZU2	A0A8T7LZU2
A0A917TSB8	A0A917TSB8
A0A917TSB8	A0A2W2DTQ6
A0A917TSB8	A0ABQ4JAA9
A0A917TSB8	A0A2W2BIG9
A0A926ES26	A0A926ES26
A0AA35W2T7	A0AA35W2T7
A0AAJ0XG34	A0AAJ0XG34
A0AB35U002	A0AB35U002
A0ABD5VDF6	A0ABD5VDF6
A0ABN0P195	A0ABN0P195
A0ABP7NWI9	A0ABP7NWI9
A0ABP7NWI9	A0ABP7S0B0
A0ABP7NWI9	A0A1M6G2K5
A0ABP7NWI9	A0A4Q5LF97
A0ABQ1L972	A0ABQ1L972
A0ABQ1L972	A0A935C763
A0ABR5Y724	A0ABR5Y724
A0ABR5Y724	A0A1Y2LE62
A0ABR5Y724	A0ABR4TUS7
A0ABR8JRM0	A0ABR8JRM0
A0ABR8JRM0	A0ABP7PSS7
A0ABR8JRM0	A0ABS0QAX6
A0ABR8JRM0	A0ABX1HJL6
A0ABR8JRM0	A0ABP7T3T4
A0ABR8JRM0	A0A927BCI9
A0ABR8JRM0	A0ABQ1ZXR9
A0ABR8JRM0	A0ABU9LZJ3
A0ABR8JRM0	A0ABY4B2L6
A0ABR8JRM0	A0A931FHY7
A0ABR8JRM0	A0ABS3Q9E8
A0ABR8JRM0	A0ABT9AI65
A0ABR8JRM0	A0A1G1SS80
A0ABR8JRM0	A0A1G1TCJ8
A0ABR8JRM0	A0A0U4C1P3
A0ABR8JRM0	A0A1I5UY45
A0ABR8JRM0	A0A9X2ADF9
A0ABR8JRM0	A0ABS0I691
A0ABR8JRM0	A0ABS0IHQ4
A0ABS3YB92	A0ABS3YB92
A0ABS3YB92	A0ABZ2YMM3
A0ABS3YB92	A0A1N6DQX0
A0ABS3YB92	A0ABZ2Z1F3
A0ABS3YB92	A0A3N4MQD9
A0ABS3YB92	A0A3N4PY01
A0ABS6JH52	A0ABS6JH52
A0ABS8KDW6	A0ABS8KDW6
A0ABT0ME28	A0ABT0ME28
A0ABT0ME28	A0A4Z0GKM4
A0ABT0ME28	A0ABX5Q5E0
A0ABT0ME28	A0ABW5S7S4
A0ABT0ME28	V6J338
A0ABT0ME28	A0A0U1QQG6
A0ABT0ME28	A0ABW1WB42
A0ABT0ME28	A0A1I2QWD0
A0ABT0ME28	A0A917S5I7
A0ABT5ARP0	A0ABT5ARP0
A0ABT5ARP0	A0A7U3NL87
A0ABT5ARP0	A0ABT6KI22
A0ABT9WSJ5	A0ABT9WSJ5
A0ABU5HFD7	A0ABU5HFD7
A0ABU5HFD7	A0A085W037
A0ABV9DYS2	A0ABV9DYS2
A0ABV9DYS2	A0ABV8FIN3
A0ABW2CB69	A0ABW2CB69
A0ABW3LPM8	A0ABW3LPM8
A0ABW3LPM8	A0ABS4IIR1
A0ABW3LPM8	A0ABU6KDA5
A0ABW3LPM8	A0A917M8T1
A0ABW5YTW6	A0ABW5YTW6
A0ABW5YTW6	A0A420VVG8
A0ABW5YTW6	A0A363NNQ1
A0ABW5YTW6	A0ABP7ZZR5
A0ABW5YTW6	A0A420AIH1
A0ABW5YTW6	A0ACD5C903
A0ABW5YTW6	A0A7G5E5R9
A0ABW5YTW6	A0ABX7CM28
A0ABW5YTW6	A0A420G3N9
A0ABW5YTW6	A0ABU0UC34
A0ABW5YTW6	A0A4U9UFE2
A0ABW5YTW6	A0ABV0BWN8
A6LP82	A6LP82
B7KKT6	B7KKT6
C8X4B8	C8X4B8
D6Y934	D6Y934
E8T5G9	E8T5G9
F8B6D2	F8B6D2
G7VAJ8	G7VAJ8
I0WF90	I0WF90
K9EEQ0	K9EEQ0
Q1AXW9	Q1AXW9
Q1AXW9	A0A510HE66
W0F070	W0F070
W0F070	A0ABS8PKA8
W0F070	A0A1G6TV20
W0F070	A0A1A9I234
A0A084JWT7	A0A084JWT7
A0A084JWT7	A0ABS0A600
A0A084JWT7	A0A2S7UD20
A0A0B6WY64	A0A0B6WY64
A0A0K2SG07	A0A0K2SG07
A0A0U5AGU7	A0A0U5AGU7
A0A0B7GTH8	A0A0B7GTH8
A0A0L0QT63	A0A0L0QT63
A0A0L0QT63	A0A1M5PMD9
A0A0L0QT63	A0A2K9J1U2
A0A0U9HS15	A0A0U9HS15
A0A1H9VZD2	A0A1H9VZD2
A0A1H9VZD2	A0A421B872
A0A1H9VZD2	A0ABT1IKR6
A0A1H9VZD2	A0A9W6QLP5
A0A1I6GIX2	A0A1I6GIX2
A0A1I6GIX2	A0A1I6GYN1
A0A1M5L2J6	A0A1M5L2J6
A0A1M5L2J6	A0A1D7QPB2
A0A1M5L2J6	A0A1G9J7E9
A0A1N7IIQ0	A0A1N7IIQ0
A0A1V2IAP5	A0A1V2IAP5
A0A239KHQ5	A0A239KHQ5
A0A368YAP4	A0A368YAP4
A0A3N6MU67	A0A3N6MU67
A0A401FX11	A0A401FX11
A0A4Q7EGW7	A0A4Q7EGW7
A0A4R2R4K6	A0A4R2R4K6
A0A512H4T9	A0A512H4T9
A0A6M4ILZ0	A0A6M4ILZ0
A0A6P0UJ02	A0A6P0UJ02
A0A7S8E5V6	A0A7S8E5V6
A0A852VDF5	A0A852VDF5
A0A852VDF5	A0AAU7ZPC8
A0A852VDF5	A0A9X0QG69
A0A852VDF5	A0A7W8IIB3
A0A852VDF5	A0ACC5NZ14
A0A8J3DK86	A0A8J3DK86
A0AA37QCV2	A0AA37QCV2
A0AAD0L0I4	A0AAD0L0I4
A0ABM7LSX7	A0ABM7LSX7
A0ABM7LSX7	A0A7W7GRG3
A0ABM7LSX7	A0A7W7MDX1
A0ABM7LSX7	A0ABY8WFU1
A0ABM7LSX7	A0ABW4AG49
A0ABM7LSX7	A0ABS7BA90
A0ABM7LSX7	A0ABV8J046
A0ABM7LSX7	A0A2T0KE99
A0ABM7LSX7	A0A919ISY7
A0ABM7LSX7	A0A919KC02
A0ABM7LSX7	A0A931BYM3
A0ABM7LSX7	A0A238UXX7
A0ABM7LSX7	A0A919TRK7
A0ABM7LSX7	A0A919VYU6
A0ABM7LSX7	A0A327Z8Z0
A0ABM7LSX7	A0ABT6WCT4
A0ABM7LSX7	A0A1H2D566
A0ABM7LSX7	A0A1I2JUY9
A0ABM7LSX7	A0A7W5FC99
A0ABM7LSX7	I0HGK2
A0ABM7LSX7	A0A285FUY0
A0ABM7LSX7	A0ABQ3X9H9
A0ABM7LSX7	A0ABQ3XW98
A0ABM7LSX7	A0ABS3UBH5
A0ABM7LSX7	A0A0A6UDF1
A0ABM7LSX7	A0A561WN46
A0ABM7LSX7	A0A8J3BZY6
A0ABM7LSX7	A0A316FNT7
A0ABM7LSX7	A0ABQ4B517
A0ABM7LSX7	A0A0X3UVE9
A0ABN0PFY6	A0ABN0PFY6
A0ABN6N615	A0ABN6N615
A0ABP8NBN3	A0ABP8NBN3
D0GPS1	D0GPS1
F0NYQ7	F0NYQ7
F8EY39	F8EY39
G8QZF0	G8QZF0
I3IKH9	I3IKH9
Q8TX68	Q8TX68
S7UKN1	S7UKN1
W0VDF9	W0VDF9
W0VDF9	A0ABY8I8T0
W0VDF9	A0ABT0WV06
W0VDF9	A0ABZ2GR28
W0VDF9	A0A290WTV3
W0VDF9	A0ABU0XYC7
W0VDF9	A0A1I4S0W7
W0VDF9	A0A4Y6RMG5
W0VDF9	A0A3G2E5Z2
W0VDF9	A0A6I1HXS9
A0A085WU59	A0A085WU59
A0A0E9N141	A0A0E9N141
A0A0M2PY49	A0A0M2PY49
A0A0W0GG71	A0A0W0GG71
A0A133UIR0	A0A133UIR0
A0A1G6P8E4	A0A1G6P8E4
A0A1H3CQC8	A0A1H3CQC8
A0A1H6URR7	A0A1H6URR7
A0A1I0FSK3	A0A1I0FSK3
A0A1I0FSK3	M0CPG3
A0A1I0FSK3	A0ABD6BFI0
A0A1M5SI94	A0A1M5SI94
A0A1T4K629	A0A1T4K629
A0A286GP27	A0A286GP27
A0A2M9R584	A0A2M9R584
A0A2S8FUV9	A0A2S8FUV9
A0A2T7BN04	A0A2T7BN04
A0A345HCU9	A0A345HCU9
A0A345HCU9	A0ABX8VB18
A0A369C7E6	A0A369C7E6
A0A401XMS4	A0A401XMS4
A0A495A2Y3	A0A495A2Y3
A0A4Q7N5L8	A0A4Q7N5L8
A0A4U3L0K5	A0A4U3L0K5
A0A4Z0FAF1	A0A4Z0FAF1
A0A543B2H3	A0A543B2H3
A0A5C6V963	A0A5C6V963
A0A5Q2RDL1	A0A5Q2RDL1
A0A6P1QV53	A0A6P1QV53
A0A7D7LS63	A0A7D7LS63
A0A7K1SPY0	A0A7K1SPY0
A0A7K1SPY0	A0A7G5GW01
A0A7K1SPY0	A0A327NJ66
A0A7W7MNL2	A0A7W7MNL2
A0A7W7MNL2	A0A4Q7ZHK7
A0A7W7MNL2	A0A919JPT8
A0A7W7MNL2	A0A2T0RTP4
A0A7W7MNL2	U5W867
A0A7W7MNL2	A0A1K0FR11
A0A7W7MNL2	A0A919VYL2
A0A7W7MNL2	A0A919W5Y4
A0A7W7MNL2	A0ABQ3ZSN5
A0A830FW48	A0A830FW48
A0A830FW48	A0A830F9H9
A0A830FW48	A0A830GB96
A0A830FW48	A0AAV3S7K3
A0A841R9E5	A0A841R9E5
A0A8J3HTE7	A0A8J3HTE7
A0A8J6ZTF8	A0A8J6ZTF8
A0A8J6ZTF8	A0ABT3B3A0
A0A918CZA5	A0A918CZA5
A0A927AM52	A0A927AM52
A0A939T6D1	A0A939T6D1
A0A9X2FE14	A0A9X2FE14
A0AAU8H078	A0AAU8H078
A0AAU8H078	A0AAU8GYG8
A0AB37UIB4	A0AB37UIB4
A0AB37UIB4	K9TVE5
A0AB37UIB4	A0A9X5E801
A0ABU5UWI0	A0ABU5UWI0
A0ABU5UWI0	A0ABU5UBW4
A0ABU9I955	A0ABU9I955
A0ABU9I955	A0ABT0TJK2
A0ABU9I955	A0ABT3EKL1
A0ABU9I955	A0A562K9H9
A0ABU9I955	A0A1M7ZY34
A0ABU9I955	A0ABR9WTR2
A0ABU9I955	A0A327YIK5
A0ABU9I955	A0ABX0IEP0
A0ABV9P7U9	A0ABV9P7U9
A0ABW2M112	A0ABW2M112
A0ABW2M112	A0A0Q3SKT4
A0ABW2M112	A0A3D9BLN0
A0ABW2M112	A0ABW8Y0S0
A0ABW2M112	A0A085Z916
A0ABW2M112	A0ABT3HZ51
A0ABW2M112	A0A1N7P1I3
A0ABW2M112	A0A9N8QSY0
A0ABW2M112	A0A495SQT0
A0ABW2M112	A0ABY4BI34
A0ABW2M112	A0A9Q3USY8
A0ABW2M112	A0ABT3Y2B8
A0ABW2M112	A0ABT3XMM6
A0ABW2M112	A0A9Q3YV28
A0ABW2M112	A0ABY0R1P3
A0ABW2M112	A0A1N6F287
A0ABW2M112	A0AAX2IN78
A0ABW2M112	A0A381F939
A0ABW2M112	A0ABT2VUY7
A0ABW2M112	A0ABT2W3H0
A0ABW5K5I5	A0ABW5K5I5
A0ABW5K5I5	A0A3G8XHH1
A0ABW5K5I5	A0A0C1F8T5
A0ABW5K5I5	A0A1N7MMB8
A0ABW5K5I5	A0ABR8WLF6
A0ABW5K5I5	A0ABY8RFP8
A0ABW5K5I5	A0A4P6ZI49
A0ABW5K5I5	A0ABT3JQG2
A0ABW5K5I5	A0A246BA80
A0ABW5K5I5	A0ABY4BS85
A0ABW5K5I5	A0A7H1DXX4
A0ABW5K5I5	A0A7M2Y9D1
A0ABW5K5I5	A0A0J7J2U7
A0ABW5K5I5	A0ABS0F808
A0ABW5K5I5	A0A448NMX0
A0ABY5PAA6	A0ABY5PAA6
A8MDP0	A8MDP0
B8J586	B8J586
F9U5Q3	F9U5Q3
H0UNK8	H0UNK8
I3XSP4	I3XSP4
Q2LRP9	Q2LRP9
W4M5A0	W4M5A0
W4M5A0	W4L7E2
A0A0C1LB28	A0A0C1LB28
A0A0F7CKQ3	A0A0F7CKQ3
A0A0M8JSG2	A0A0M8JSG2
A0A0R2HYQ9	A0A0R2HYQ9
A0A0R2HYQ9	A0A430AGV1
A0A0W0VYP5	A0A0W0VYP5
A0A178M7H1	A0A178M7H1
A0A1C3RCC3	A0A1C3RCC3
A0A1D8P686	A0A1D8P686
A0A1H3KGV4	A0A1H3KGV4
A0A1I3TK82	A0A1I3TK82
A0A1V3NDA9	A0A1V3NDA9
A0A1Y2L0V1	A0A1Y2L0V1
A0A223NTW6	A0A223NTW6
A0A288QYA6	A0A288QYA6
A0A2H5A0B0	A0A2H5A0B0
A0A2H5A0B0	A0A830FJ70
A0A2H5A0B0	A0A0N0BPF9
A0A2H5A0B0	A0A495R4B4
A0A2H5A0B0	A0AAE4EV06
A0A2H5A0B0	Q5V118
A0A2H5A0B0	V5TP71
A0A2H5A0B0	M0JU98
A0A2H5A0B0	A0A4C2EIP7
A0A2H5A0B0	M0K9A3
A0A2H5A0B0	M0LKS7
A0A2H5A0B0	A0ACC6VGS4
A0A2N0VH41	A0A2N0VH41
A0A2S8GTY7	A0A2S8GTY7
A0A346PN31	A0A346PN31
A0A3M0BLR4	A0A3M0BLR4
A0A402A485	A0A402A485
A0A495JPH8	A0A495JPH8
A0A4Q7U7R1	A0A4Q7U7R1
A0A4Q7U7R1	A0A3N9W4V3
A0A4Q7U7R1	A0A317DJU3
A0A4Q7U7R1	A0AAJ6L5C1
A0A4Q7U7R1	A0ABX9C9F7
A0A4Q7U7R1	A0ABX9CZ21
A0A4Q7U7R1	A0A318ND76
A0A4Q7U7R1	A0A1C4Z981
A0A4Q7U7R1	A0ABW6VQ45
A0A4Q7U7R1	A0A5C4QQD1
A0A4Q7U7R1	A0A840W6B6
A0A4Q7U7R1	A0ABS1Y0V1
A0A4Q7U7R1	I0KYP0
A0A4Q7U7R1	A0A561W839
A0A4Q7U7R1	A0ABS1YPD7
A0A4R3MPP4	A0A4R3MPP4
A0A4U5TQ76	A0A4U5TQ76
A0A516Q019	A0A516Q019
A0A5B8Y093	A0A5B8Y093
A0A5J4KL82	A0A5J4KL82
A0A5Q3Q5P3	A0A5Q3Q5P3
A0A6B0VJ40	A0A6B0VJ40
A0A6N0NW24	A0A6N0NW24
A0A7K1U4J5	A0A7K1U4J5
A0A830GU91	A0A830GU91
A0A8J7DW38	A0A8J7DW38
A0A927IGI4	A0A927IGI4
A0A9E7UBH9	A0A9E7UBH9
A0A9X2M5R0	A0A9X2M5R0
A0AA42BA12	A0AA42BA12
A0AAE3G6C4	A0AAE3G6C4
A0AAU9CJ36	A0AAU9CJ36
A0AAU9CJ36	A0AAU9C157
A0ABD5Z5S9	A0ABD5Z5S9
A0ABS4PMC0	A0ABS4PMC0
A0ABT3IHY9	A0ABT3IHY9
A0ABT5XBJ5	A0ABT5XBJ5
A0ABU0W6D8	A0ABU0W6D8
A0ABV3DTN3	A0ABV3DTN3
A0ABX1P3W9	A0ABX1P3W9
A0ABX1P3W9	A0ABX1MEW9
A0ABX1P3W9	A0A856MK19
A0ABX8WVN5	A0ABX8WVN5
A0ABX8WVN5	A0A480A554
A0ABX8WVN5	A0ABR9VIJ7
A0ABX8WVN5	A0ABT4ZU09
A0ABY5PIM6	A0ABY5PIM6
A0L602	A0L602
D1ALZ8	D1ALZ8
D8PG69	D8PG69
D8PG69	A0ABM8RUL3
F0S083	F0S083
H1L0B8	H1L0B8
H1L0B8	F6BCS1
I3YGC3	I3YGC3
K9XRY9	K9XRY9
Q2RTD3	Q2RTD3
Q8ZSQ8	Q8ZSQ8
W4VJ38	W4VJ38
A0A0C1LHB7	A0A0C1LHB7
A0A0F7IGM4	A0A0F7IGM4
A0A0M9APR1	A0A0M9APR1
A0A0M9APR1	A0A1I3A3B4
A0A0M9APR1	A0A8T8LJG3
A0A0M9APR1	A0ABD5M2T8
A0A0M9APR1	M0DUI0
A0A0M9APR1	M0DZ97
A0A0M9APR1	A0AAV3SWN7
A0A0M9APR1	M0EIT4
A0A0M9APR1	M0ELZ4
A0A0M9APR1	A0ABD6C4B3
A0A0M9APR1	M0F0A7
A0A0M9APR1	A0A8J7UM88
A0A0M9APR1	A0A256IIF4
A0A0M9APR1	A0A256JHP2
A0A0M9APR1	A0A1G7QL63
A0A0M9APR1	A0ABD5R3V4
A0A0M9APR1	A0A7D4CIS8
A0A0M9APR1	A0A521E6R4
A0A0M9APR1	A0A1I6GDV8
A0A0R2JF93	A0A0R2JF93
A0A178N0E0	A0A178N0E0
A0A1C4BDB8	A0A1C4BDB8
A0A1D8S5J5	A0A1D8S5J5
A0A1I0QE78	A0A1I0QE78
A0A1I0QE78	A0A2P8HUK5
A0A1I0QE78	A0ABS5J804
A0A1I0QE78	A0A1T5NNF3
A0A1I0QE78	A0A847STA5
A0A1I0QE78	A0A6N8J6I5
A0A1I0QE78	A0A561Q4R7
A0A1I6RWJ6	A0A1I6RWJ6
A0A1L9B4T1	A0A1L9B4T1
A0A1L9B4T1	S9QGB0
A0A1P8FAB5	A0A1P8FAB5
A0A1T4QC43	A0A1T4QC43
A0A1V3U242	A0A1V3U242
A0A1V3U242	A0AAJ3ND52
A0A1V3U242	A0A1T3MYV1
A0A1V3U242	A0AAP1BVM9
A0A1V3U242	A0A7T7UZH4
A0A1V3U242	A0A845PTB4
A0A1V3U242	A0ABM6MXY1
A0A517R486	A0A517R486
A0A5B9D5B6	A0A5B9D5B6
A0A6I6JI92	A0A6I6JI92
A0A6V6YM82	A0A6V6YM82
A0A6V6YM82	A0ABV5FQ88
A0A6V6YM82	A0ABS8MBM0
A0A6V6YM82	A0ABN7EHG3
A0A6V6YM82	A0ABS8MNG8
A0A6V6YM82	A0A086A1W2
A0A6V6YM82	A0A9N8IZB0
A0A6V6YM82	A0A6V6YRD0
A0A6V6YM82	A0A6J4G7V2
A0A6V6YM82	A0A9X2YU92
A0A6V6YM82	A0ABZ2UKB9
A0A6V6YM82	A0A226HMB8
A0A6V6YM82	A0A9X3C719
A0A6V6YM82	A0A227P742
A0A6V6YM82	A0A502EIQ7
A0A6V6YM82	A0A553DR55
A0A6V6YM82	A0A1S1JAN1
A0A6V6YM82	A0ABS5PF26
A0A6V6YM82	A0ABX2XCX7
A0A6V6YM82	A0ABX7QK21
A0A6V6YM82	A0ABT4W681
A0A6V6YM82	A0A1M5KW79
A0A6V6YM82	A0ABS8LYN3
A0A7K1YCX9	A0A7K1YCX9
A0A7K1YCX9	A0A1G9W099
A0A7K1YCX9	A0A7K1XXM9
A0A7K1YCX9	A0A1T5AHU2
A0A7Y0E183	A0A7Y0E183
A0A839A467	A0A839A467
A0A839A467	A0ABS0LM21
A0A844FUH1	A0A844FUH1
A0A844FUH1	A0A1H6XIJ5
A0A915U2T7	A0A915U2T7
A0A927MUR9	A0A927MUR9
A0AA45WM07	A0AA45WM07
A0AAE3HLH6	A0AAE3HLH6
A0AAN5AJK9	A0AAN5AJK9
A0AAU9JH50	A0AAU9JH50
A0ABD4Z8C6	A0ABD4Z8C6
A0ABN1Y1F8	A0ABN1Y1F8
A0ABP8UQ00	A0ABP8UQ00
A0ABP8UQ00	A0ABN0XMG8
A0ABP8UQ00	A0ABP8TKQ4
A0ABS1CM46	A0ABS1CM46
A0ABT3LBY7	A0ABT3LBY7
A0ABU9L1C1	A0ABU9L1C1
A0ABV9TRV8	A0ABV9TRV8
A0ABV9TRV8	A0A3M2MAK6
A0ABV9TRV8	A0A372JD30
A0ABW2Y1K9	A0ABW2Y1K9
A0ABW4E5S3	A0ABW4E5S3
A0ABW6IL09	A0ABW6IL09
A0ABX1VCN7	A0ABX1VCN7
A1BI12	A1BI12
B0C3C1	B0C3C1
B9LMP5	B9LMP5
B9LMP5	M0NKW2
B9LMP5	M0NZB8
B9LMP5	A0A2G1WG24
B9LMP5	M0DKT9
B9LMP5	A0A2A2FJT2
B9LMP5	A0ABD5UP00
D1CEX8	D1CEX8
E0SR99	E0SR99
F2KQ22	F2KQ22
L0AAT1	L0AAT1
M3AEM6	M3AEM6
M3AEM6	Q2W4T6
M3AEM6	A0A0C2YG84
W8KKQ0	W8KKQ0
A0A0S2TI83	A0A0S2TI83
A0A143BJX9	A0A143BJX9
A0A182C749	A0A182C749
A0ABT4C1B7	A0ABT4C1B7
A0ABT4C1B7	A0A0X8FEH7
A0ABT4C1B7	A0A1E9PFT5
A0ABT4C1B7	A0A5N1BPT8
A0ABT6K1E3	A0ABT6K1E3
A0ABU3LKD8	A0ABU3LKD8
A0ABU3LKD8	A0ABW5LVA1
A0ABV6C8D9	A0ABV6C8D9
A0ABV8PXC6	A0ABV8PXC6
A0ABW0TMC2	A0ABW0TMC2
A0ABW0TMC2	A0ABV2KFF0
A0ABW0TMC2	A0A1D8JEM0
A0ABW0TMC2	A0A927MN89
A0ABW0TMC2	A0A380C8I3
A0ABW5Q3P4	A0ABW5Q3P4
A0ABZ0IIJ0	A0ABZ0IIJ0
A0ABZ3H3P8	A0ABZ3H3P8
A3IPF2	A3IPF2
B3QL43	B3QL43
B3QL43	A0A1D8CZG7
B3QL43	A0A5C4S582
B3QL43	Q8KC75
D3PP26	D3PP26
D3PP26	A0A399EES8
D3PP26	A0ABX9MK36
D3PP26	A0ABN5M063
E4KNV5	E4KNV5
F4GHK6	F4GHK6
G4RL31	G4RL31
K0J5Y0	K0J5Y0
K0J5Y0	A0ABP7V6T1
K0J5Y0	A0ABP7VK12
L0RC60	L0RC60
Q4JAT1	Q4JAT1
U7QA07	U7QA07
U7QA07	A0ABU5U0I9
A0A059WF38	A0A059WF38
A0A059WF38	A0ABN3SPH6
A0A099W0L2	A0A099W0L2
A0A0D6JS42	A0A0D6JS42
A0A0D6JS42	A0ABD5XCI0
A0A0D6JS42	M0GLP6
A0A0D6JS42	M0HJV6
A0A0D6JS42	M0I9R8
A0A0D6JS42	M0IXQ0
A0A0D6JS42	D4GTT6
A0A0D6JS42	A0A2P4NW28
A0A0P6WL78	A0A0P6WL78
A0A0S6VP62	A0A0S6VP62
A0A1E5UG65	A0A1E5UG65
A0A1E5UG65	A0ABQ2NLP8
A0A1G7PPI6	A0A1G7PPI6
A0A1H5C0P9	A0A1H5C0P9
A0A1H5C0P9	A0A402CN47
A0A1J7BUE5	A0A1J7BUE5
A0A1M5CS29	A0A1M5CS29
A0A1N6G0V5	A0A1N6G0V5
A0A1R3XNY5	A0A1R3XNY5
A0A1R3XNY5	A0A2U1B2I8
A0A1R3XNY5	A0ABQ1W9X3
A0A1R3XNY5	A0ABR7XFK4
A0A1R3XNY5	A0A2N3U8P4
A0A1R3XNY5	A0A1N6YEY5
A0A1R3XNY5	A0ABW5IPW3
A0A1W1YPJ4	A0A1W1YPJ4
A0A1W1YPJ4	A0ACC6KQX8
A0A2A5RQB1	A0A2A5RQB1
A0A2S6H7J2	A0A2S6H7J2
A0A2S6H7J2	A0AA43Q663
A0A2S6H7J2	G3IWG8
A0A2T1CAN6	A0A2T1CAN6
A0A2U9IU19	A0A2U9IU19
A0A2Z2N743	A0A2Z2N743
A0A2Z2N743	A0A218P3Z0
A0A2Z2N743	A0A7G2D9X2
A0A2Z2N743	A0A2Z2MHR2
A0A2Z2N743	A0A2Z2N013
A0A2Z2N743	F8AIC6
A0A2Z2N743	A0A0Q2M0R4
A0A2Z2N743	A0A172WEY9
A0A366FCB7	A0A366FCB7
A0A3E0X065	A0A3E0X065
A0A3N1CQW7	A0A3N1CQW7
A0A418MZI5	A0A418MZI5
A0A433UZ46	A0A433UZ46
A0A498D5D9	A0A498D5D9
A0A498D5D9	A0ABR7AB79
A0A4Q1CNJ6	A0A4Q1CNJ6
A0A4Q1CNJ6	A0A562SEM4
A0A4Q1CNJ6	A0A7G5XJ84
A0A4S3TQN9	A0A4S3TQN9
A0A506PJM6	A0A506PJM6
A0A518DMS1	A0A518DMS1
A0A5B2VHR5	A0A5B2VHR5
A0A5B2VHR5	A0A562SZZ2
A0A5B2VHR5	A0A1H7QUU8
A0A5M6IA21	A0A5M6IA21
A0A5S9INY0	A0A5S9INY0
A0A6G7VGQ6	A0A6G7VGQ6
A0A6N7WLB1	A0A6N7WLB1
A0A6N7WLB1	A0A1E3UHU3
A0A6N7WLB1	A0A3E3I9B3
A0A7C9J7E2	A0A7C9J7E2
A0A7C9J7E2	A0A4U3M7U6
A0A7H9ATC1	A0A7H9ATC1
A0A7H9ATC1	A0ABQ1QQD7
A0A7H9ATC1	A0A4R6TMV5
A0A7H9ATC1	A0AAE3JSA6
A0A7H9ATC1	A0A411E8Q2
A0A7H9ATC1	A0A1G7LCL8
A0A7H9ATC1	A0A846QQ68
A0A7H9ATC1	A0A1W2A0D7
A0A7H9ATC1	A0A6L9EEJ9
A0A7H9ATC1	E6X5F5
A0A7H9ATC1	A0A6P0UI91
A0A259TYB6	A0A259TYB6
A0A2A8CZC5	A0A2A8CZC5
A0A2T1DMH3	A0A2T1DMH3
A0A2Z3GQJ3	A0A2Z3GQJ3
A0A2Z3GQJ3	A0ABX2FUD0
A0A2Z3GQJ3	A0A502HEV4
A0A2Z3GQJ3	A0A1G1TLY9
A0A378J3I3	A0A378J3I3
A0A378J3I3	A0A0W0U1E7
A0A3N1UN24	A0A3N1UN24
A0A4Q1DAZ5	A0A4Q1DAZ5
A0A518GH65	A0A518GH65
A0A556MGT1	A0A556MGT1
A0A556MGT1	F2ID04
A0A5D0HMP1	A0A5D0HMP1
A0A5D0HMP1	A0A8J6QAF8
A0A5D0HMP1	A0ABT0QGC5
A0A5D0HMP1	A0AAE3ENN9
A0A5D0HMP1	A0ABV5GZB6
A0A5D0HMP1	A0ABW3RBZ7
A0A5D0HMP1	A0ABW5JNN7
A0A5D0HMP1	A0A1I3MJV3
A0A5D0HMP1	A0A428K211
A0A5D0HMP1	A0A2N3HMV0
A0A5D0HMP1	A0A3D9HFE0
A0A5D0HMP1	A0ABX1RRG7
A0A5D0HMP1	A0A562YBF4
A0A5D0HMP1	A0A5C7AU65
A0A5D0HMP1	A0A918VDK7
A0A5D0HMP1	A0A0C5WM56
A0A5D0HMP1	A0A4V2QED9
A0A5D0HMP1	A0A5C7GEU8
A0A5D0HMP1	A0ABV0A9Z3
A0A5D0HMP1	A0ABW3BV77
A0A5D0HMP1	A0ABY9Y1N5
A0A5D0HMP1	A0A2I7SKI3
A0A5D0HMP1	A0A4S1DUE9
A0A5D0HMP1	A0ABT8W937
A0A5D0HMP1	A0A0P0D1S8
A0A5D0HMP1	A0ABP9HQC1
A0A5D0HMP1	A0ABT8WLX4
A0A5D0HMP1	A0ABW7MQ37
A0A5D0HMP1	A0A2K1DX57
A0A5D0HMP1	A0ABS9RIL9
A0A5D0HMP1	A0ABT8X4V2
A0A5D0HMP1	A0ABW7N282
A0A5D0HMP1	A0A0D7W6F3
A0A5D0HMP1	A0ABP8C0F3
A0A5D0HMP1	A0ABU3U9X3
A0A5D0HMP1	A0ABP6WLV0
A0A5D0HMP1	A0AA97HQ47
A0A5D0HMP1	A0ABP8EBC2
A0A5D0HMP1	A0A2T1NF23
A0A5D0HMP1	A0ABT4RX88
A0A5D0HMP1	A0ABU7XLE9
A0A5D0HMP1	A0ABW3JK80
A0A5D0HMP1	A0ABS1WHU7
A0A5D0HMP1	A0A2K9PLJ6
A0A5D0HMP1	A0AAU6P0M1
A0A5D0HMP1	A0ABP7HEZ6
A0A5D0HMP1	A0A8J3BSG4
A0A5D0HMP1	A0A8J6Q1K7
A0A5D0HMP1	A0AAC9PVX3
A0A5D0HMP1	A0AAU7EFR3
A0A5D0HMP1	A0ABV5FFC3
A0A5D0HMP1	A0A8J6Q7R2
A0A650CDS8	A0A650CDS8
A0A650CDS8	F9VMT1
A0A6N7XPL6	A0A6N7XPL6
A0A7C9JA11	A0A7C9JA11
A0A7L9FI24	A0A7L9FI24
A0A7X0DM10	A0A7X0DM10
A0A8J3VM76	A0A8J3VM76
A0A8J7Z546	A0A8J7Z546
A0A917G8Y5	A0A917G8Y5
A0A931GI72	A0A931GI72
A0AA96GMZ2	A0AA96GMZ2
A0AA96GMZ2	A0AA96GBY6
A0AAP3UZE6	A0AAP3UZE6
A0AAW4P6N6	A0AAW4P6N6
A0AAW4P6N6	A0A8J7Y2V1
A0ABD5QUS0	A0ABD5QUS0
A0ABD6DHB5	A0ABD6DHB5
A0ABD6DHB5	A0A1G9TBH7
A0ABN4ARG4	A0ABN4ARG4
A0ABN4ARG4	A0A917DND7
A0ABP6T758	A0ABP6T758
A0ABP6T758	A0A1M7QAK0
A0ABP9RPX3	A0ABP9RPX3
A0ABP9RPX3	A0A8J3QQQ1
A0ABS1KXB6	A0ABS1KXB6
A0ABS3PZ48	A0ABS3PZ48
A0ABT4D565	A0ABT4D565
A0ABT8Z1U3	A0ABT8Z1U3
A0ABT8Z1U3	A0ABX5B128
A0ABT8Z1U3	G0EJK6
A0ABT8Z1U3	A0A0G4K7A7
A0ABT8Z1U3	A0A5C8CP71
A0ABT8Z1U3	A0A3B6VGX2
A0ABT8Z1U3	A0A3B6W0X1
A0ABT8Z1U3	D8IEL8
A0ABT8Z1U3	A0A3B6W3T2
A0ABT8Z1U3	A0AAC9XLB4
A0ABT8Z1U3	A0ABY2TNF3
A0ABU2F6I0	A0ABU2F6I0
A0ABV0JKN7	A0ABV0JKN7
A0ABV8QQN9	A0ABV8QQN9
A0ABW1AAY9	A0ABW1AAY9
A0ABW5SD77	A0ABW5SD77
A0ABW7R402	A0ABW7R402
A3UBN3	A3UBN3
A0A9W5RFU1	A0A9W5RFU1
A0A9X1SJE5	A0A9X1SJE5
A0A9X1SJE5	A0A2S8GG71
A0A9X1SJE5	A0A5C5UZ71
A0A9X8Y855	A0A9X8Y855
A0AA97LWF8	A0AA97LWF8
A0AA97LWF8	A0A4R6V4G9
A0AA97LWF8	A0A147KM03
A0AA97LWF8	A0ABY4L5Q1
A0ABD5SBJ7	A0ABD5SBJ7
A0ABM5PCV3	A0ABM5PCV3
A0ABM9PN93	A0ABM9PN93
A0ABQ0DRK1	A0ABQ0DRK1
A0ABQ0DRK1	B0E8J3
A0ABQ0DRK1	C4M0V6
A0ABQ3VQ28	A0ABQ3VQ28
A0ABQ3VQ28	A0A401ZFF7
A0ABQ3VQ28	A0A402AKW0
A0ABQ3VQ28	A0ABQ6FYE4
A0ABR7M7Q7	A0ABR7M7Q7
A0ABR8GRR3	A0ABR8GRR3
A0ABR8GRR3	A0A846HA73
A0ABR9ZPY9	A0ABR9ZPY9
A0ABS1UEI8	A0ABS1UEI8
A0ABS1UEI8	A0A9X0I897
A0ABS1UEI8	A0ABQ4IIS2
A0ABS1UEI8	A0A4R0GFW2
A0ABS5S653	A0ABS5S653
A0ABS5S653	A0ABY8KVP3
A0ABS5S653	A0AB35YUQ6
A0ABS5S653	A0A3L9YEB2
A0ABS5S653	A0A5C6YLR3
A0ABS5S653	A0A5C6Z2G7
A0ABS5S653	A0A137RL79
A0ABS5S653	I3YZ94
A0ABS5S653	A0ABT8DIW0
A0ABS5S653	A0A410G1R4
A0ABS5S653	A0A1G7HQN2
A0ABS5S653	A0ABX7DPY6
A0ABS5S653	A0A1M6H242
A0ABS5S653	A0A1A9LGX1
A0ABS5S653	A0A2S7KTS3
A0ABS5S653	A0A9X1R1V8
A0ABS5S653	A0A9X1UB63
A0ABS5S653	A0ABR5DJ70
A0ABT0C8D6	A0ABT0C8D6
A0ABT2JDP4	A0ABT2JDP4
A0ABT2JDP4	A0A7Z0WLB2
A0ABU2H4I4	A0ABU2H4I4
A0ABV6NU46	A0ABV6NU46
A0ABW3J4M9	A0ABW3J4M9
A0ABW3J4M9	A0A2U1JML4
A0ABW3J4M9	A0A7J5AKE5
A0ABZ0WHY3	A0ABZ0WHY3
A4C223	A4C223
A4C223	A0ABZ2TTM2
A4C223	A0A5S3N0V2
A4C223	A0A7G9LBM1
A4C223	A0AAJ1QTK6
B5W1M4	B5W1M4
B5W1M4	A0ABU9EMS5
B5W1M4	A0A9P1P0S5
B5W1M4	A0A5M3T0K7
D5BVS1	D5BVS1
D5BVS1	A0A4P7C637
I0A191	I0A191
K2P3J2	K2P3J2
L9W141	L9W141
L9W141	A0A1G8Y2V1
M0L4R9	M0L4R9
M0L4R9	A0A1I1DEA0
Q72DL4	Q72DL4
R9GWF5	R9GWF5
R9GWF5	A0A2T0U3A9
A0A0A2M3P1	A0A0A2M3P1
A0A0A2M3P1	A0ABN0QFE9
A0A0A2M3P1	A0ABY5IX49
A0A0A2M3P1	A0A4S4A4U9
A0A0A2M3P1	V6RYB1
A0A0A2M3P1	V6SEM7
A0A0A2M3P1	V6SHS3
A0A0P6XZE3	A0A0P6XZE3
A0A0P6XZE3	A9B677
A0A0P6XZE3	A0ABP9WWF0
A0A1B1Y2A3	A0A1B1Y2A3
A0A1B1Y2A3	A0A1M5SBA2
A0A1B1Y2A3	A0ABT8VP42
A0A1B1Y2A3	A0ABX0U641
A0A1H2GH80	A0A1H2GH80
A0A1H2GH80	K0NJ78
A0A1H9CSV6	A0A1H9CSV6
A0A1H9CSV6	A0A1H6USD3
A0A1H9CSV6	A0ABR7IXR9
A0A1H9CSV6	A0ABX0I5Y8
A0A1I5EM66	A0A1I5EM66
A0A1I5EM66	A0A3P1AN95
A0A1I5EM66	A0A5M6CL76
A0A1M6SRG8	A0A1M6SRG8
A0A1N6ZJ85	A0A1N6ZJ85
A0A1N6ZJ85	A0A1H6FQK9
A0A1S1RK50	A0A1S1RK50
A0A1U7HQ12	A0A1U7HQ12
A0A1W2GY38	A0A1W2GY38
A0A1W2GY38	A0A9X2T0V3
A0A1W2GY38	A0ABS9BRA6
A0A1W2GY38	M7Y1M4
A0A238YR01	A0A238YR01
A0A238YR01	A0A1H3A690
A0A238YR01	A0A1I6NPC5
A0A238YR01	A0ABW3WT42
A0A238YR01	A0A3D9RIP0
A0A238YR01	A0ABW2ZCA3
A0A238YR01	A0A0X8G4F0
A0A238YR01	A0A238VTJ4
A0A238YR01	A0A4Y8AUE8
A0A238YR01	A0ABV5K222
A0A285CHD3	A0A285CHD3
A0A2K8Z4F3	A0A2K8Z4F3
A0A2P5P6T3	A0A2P5P6T3
A0A2S7SQC6	A0A2S7SQC6
A0A2T2Y9L3	A0A2T2Y9L3
A0A2T2Y9L3	A0A369QG25
A0A2T2Y9L3	A0A7G7GAT1
A0A2T2Y9L3	A0A7L7L9D4
A0A2Z6B281	A0A2Z6B281
S0EU60	S0EU60
A0A0P7AZV2	A0A0P7AZV2
A0A0U2VEE6	A0A0U2VEE6
A0A1B4XID7	A0A1B4XID7
A0A1S2VGS2	A0A1S2VGS2
A0A1U7I0C7	A0A1U7I0C7
A0A238ZH42	A0A238ZH42
A0A238ZH42	A0ABV9HQH8
A0A238ZH42	A0A3M0FY86
A0A2D0N081	A0A2D0N081
A0A2S7SVH2	A0A2S7SVH2
A0A328VQC2	A0A328VQC2
A0A328VQC2	A0A5J4K3J7
A0A3N4PXE8	A0A3N4PXE8
A0A3N4PXE8	A0ABM6WBW0
A0A443IPR4	A0A443IPR4
A0A443IPR4	A0A429X809
A0A443IPR4	A0ABR8VHQ1
A0A443IPR4	A0A429XZM2
A0A443IPR4	A0ABQ4K4W1
A0A443IPR4	A0ABW4KH57
A0A4Q4KMB4	A0A4Q4KMB4
A0A4Q4KMB4	A0A2I0R318
A0A4Q4KMB4	A0A2U2XEC9
A0A4Q4KMB4	A0A3E1EUT2
A0A4R2EUU6	A0A4R2EUU6
A0A521C3P5	A0A521C3P5
A0A5C5VCL1	A0A5C5VCL1
A0A5N1JIE7	A0A5N1JIE7
A0A5N1JIE7	A0ABW3QM17
A0A5N1JIE7	A0A3P1BN25
A0A5N1JIE7	A0A3P1CE70
A0A5N1JIE7	A0ABW0I8I8
A0A5N1JIE7	A0A327WTW0
A0A5N1JIE7	A0A368JXH1
A0A5N1JIE7	A0A7K0EVM7
A0A6H2ELY6	A0A6H2ELY6
A0A6H2ELY6	A0ABX7IFJ6
A0A6H2ELY6	A0A1H2LHZ7
A0A6M0K7M6	A0A6M0K7M6
A0A7K0BPL3	A0A7K0BPL3
A0A7M3ME10	A0A7M3ME10
A0A7X2INQ6	A0A7X2INQ6
A0A7X2INQ6	A0A6L6Q716
A0A841DAA6	A0A841DAA6
A0A841DAA6	A0A8J3RP04
A0A841DAA6	A0A8J3S0L8
A0A841DAA6	A0A8J3SN65
A0A841DAA6	A0A8J3TED6
A0A841DAA6	A0A171DMA2
A0A841DAA6	A0ABQ4HC42
A0A8J4DHJ2	A0A8J4DHJ2
A0A8J8Q535	A0A8J8Q535
A0A917LQD4	A0A917LQD4
A0A917LQD4	M7MCW2
A0A917LQD4	A0A5D0G929
A0A917LQD4	A0A316DLA5
A0A923HA36	A0A923HA36
A0A923HA36	A0A4Q9FIB6
A0A923HA36	A0A090VYS3
A0A923HA36	A0A4Q9FLP2
A0A923HA36	A0ABW5T633
A0A923HA36	A0A1H9K6V6
A0A934UZI8	A0A934UZI8
A0A975GT70	A0A975GT70
A0A9W5X794	A0A9W5X794
A0AAF0BTG3	A0AAF0BTG3
A0AAT9GR02	A0AAT9GR02
A0AAW9RZA5	A0AAW9RZA5
A0ABD5U728	A0ABD5U728
A0ABD5U728	A0A1H1D800
A0ABD5U728	A0A1I2MVQ0
A0ABM6PK69	A0ABM6PK69
A0ABM6PK69	A0ABX6A1P5
A0ABM6PK69	A0ABR4SKS0
A0ABR8HWH5	A0ABR8HWH5
A0ABR8HWH5	B0JWK0
A0ABR8HWH5	A0ABU3HGC5
A0ABR8HWH5	A0ABR8G973
A0ABR8HWH5	A0A0K1S679
A0ABR8HWH5	A0AB33C0L7
A0ABS3TDD0	A0ABS3TDD0
A0ABS3TDD0	A0ABS6WUL0
A0ABS3TDD0	A0A8T9SVQ1
A0ABS3TDD0	A0ABR7ML37
A0ABY7ZZQ1	A0ABY7ZZQ1
A0ABY7ZZQ1	A0A562WK99
A0ABY7ZZQ1	A0A1C4UKN2
A0ABY7ZZQ1	A0A1C6SRB6
A0ABY7ZZQ1	A0A1C6SV75
A0ABZ1BY71	A0ABZ1BY71
C7P2I9	C7P2I9
D6SQD6	D6SQD6
E8QY68	E8QY68
F8ADQ2	F8ADQ2
F8ADQ2	A0A177E8Y9
G7Q6T4	G7Q6T4
K7A585	K7A585
K7A585	A0ABS9D8P5
L9XF62	L9XF62
M0MFT8	M0MFT8
M0MFT8	M0MVP9
W0DBG5	W0DBG5
A0A0A8UXU9	A0A0A8UXU9
A0A0U4G870	A0A0U4G870
A0A0U4G870	A0ABP3RUB2
A0A126QLB8	A0A126QLB8
A0A126QLB8	A0ABZ2IV99
A0A126QLB8	A0ABM8AQV3
A0A126QLB8	A0ABV4K5G4
A0A126QLB8	A0A1J5MTP6
A0A126QLB8	F0JFK7
A0A1C6UCH2	A0A1C6UCH2
A0A1I5WMK0	A0A1I5WMK0
A0A1L3J2L0	A0A1L3J2L0
A0A1L3J2L0	A0A1L7I0Q5
A0A1L3J2L0	A0A2T6ACH0
A0A1L3J2L0	A0A9X2CNN3
A0A1L3J2L0	A0ABW3NV56
A0A1L3J2L0	A0A0Q9ZIN0
A0A1L3J2L0	A0A7K1LST9
A0A1L3J2L0	A0A2R3Z907
A0A1L3J2L0	A0A2N0TTI5
A0A1L3J2L0	A0ABS0TJG9
A0A1L3J2L0	A0A1M7K9X4
A0A1L3J2L0	A0A2N0TUA9
A0A1L3J2L0	A0ABU3CEU5
A0A1L3J2L0	A0ABT0Z3V3
A0A1L3J2L0	A0ABU3CX99
A0A1L3J2L0	A0ABU3CPT4
A0A1L3J2L0	A0A9X2R9E2
A0A1L3J2L0	A0ABQ1WV63
A0A1L3J2L0	A0ABU3DCN0
A0A1L3J2L0	A0ABU3DWJ3
A0A1L3J2L0	A0ABV8HG34
A0A1L3J2L0	A0ABU3E2W3
A0A1L3J2L0	A0A1T5AXE3
A0A1L3J2L0	A0A550HXY3
A0A1L3J2L0	A0ABU1ER56
A0A1L3J2L0	A0A1I1IPY7
A0A1L3J2L0	A0A1Y1SZT0
A0A1L3J2L0	A0A1H1QXQ7
A0A1L3J2L0	A0A9X1LHN7
A0A1L3J2L0	A0A1I5DC93
A0A1L3J2L0	D5B980
A0A1L3J2L0	A0A1I2KYJ1
A0A1L3J2L0	A0A1M5J7C1
A0A1L3J2L0	A0ABW5X1Y4
A0A1L3J2L0	A0A9X1UU56
A0A1L3J2L0	A0A9X1V565
A0A1M6UA21	A0A1M6UA21
A0A1U7PZH9	A0A1U7PZH9
A0A1U7PZH9	A0A085BID9
A0A1U7PZH9	A0A1H6KC45
A0A1U7PZH9	A0A3G8Y9D6
A0A1U7PZH9	A0A3D9D3D0
A0A1U7PZH9	A0A1G7HJD2
A0A1U7PZH9	A0A4R8IHT1
A0A1U7PZH9	A0A1N6E0J0
A0A1U7PZH9	A0ABU4JFD8
A0A1U7PZH9	A0A1M6NYR9
A0A1U7PZH9	A0ABY1R432
A0A1U7PZH9	A0A420DC72
A0A1X4XZY9	A0A1X4XZY9
A0A212PYA6	A0A212PYA6
A0A285NQZ6	A0A285NQZ6
A0A2D2Q1C6	A0A2D2Q1C6
A0A2L1GMP6	A0A2L1GMP6
A0A2P8DR05	A0A2P8DR05
A0A2T4UJE1	A0A2T4UJE1
A0A2W2AJS8	A0A2W2AJS8
A0A329R2Z3	A0A329R2Z3
A0A368N818	A0A368N818
A0A368N818	A0A345E2Q7
A0A368N818	A0A3M0DEU7
A0A3D8YCM1	A0A3D8YCM1
A0A3N5BLM7	A0A3N5BLM7
A0A4P2VDC3	A0A4P2VDC3
A0A4R6ITF1	A0A4R6ITF1
A0A512BAM3	A0A512BAM3
A0A5B8T331	A0A5B8T331
A0A5B8T331	A0ABT7RZ72
A0A5B8T331	A0A6P2CMV4
A0A5B8T331	A0ABX5SK68
A0A5B8T331	K0DFA5
A0A5B8T331	A0A2N9KER8
A0A5B8T331	Q03US6
A0A5B8T331	A0AAP9EBC7
A0A5B8T331	A0ABN4WPF6
A0A5B8T331	A0ABT2NU40
A0A5C5YLU4	A0A5C5YLU4
A0A5D6UVK3	A0A5D6UVK3
A0A5D6UVK3	A0ABS0KW42
A0A5N5U838	A0A5N5U838
A0A5N5U838	A0AAJ4RA04
A0A6I2MKV2	A0A6I2MKV2
A0A6I2MKV2	A0ABR7V7Y7
A0A6I2MKV2	A0ABR7V9J2
A0A6I2MKV2	A0A316DTQ2
A0A6M1S0H5	A0A6M1S0H5
A0A6N9NHV0	A0A6N9NHV0
A0A7D5LC29	A0A7D5LC29
A0A7D5LC29	A0A7D5GFQ7
A0A7R7DNL4	A0A7R7DNL4
A0A7R7DNL4	A0A810L6M3
A0A7R7DNL4	A0A8J4EJE3
A0A7W6WKU3	A0A7W6WKU3
A0A7X2NRQ1	A0A7X2NRQ1
A0A829YK92	A0A829YK92
A0A829YK92	A0ABV8SM76
A0A829YK92	A0ABS1WXQ7
A0A841HHK3	A0A841HHK3
A0A8J6PJ30	A0A8J6PJ30
A0A8T4H7X2	A0A8T4H7X2
A0A937AGU3	A0A937AGU3
A0A979G7L1	A0A979G7L1
A0A979G7L1	A0A2P8GLA3
A0A979G7L1	A0A6B9Z9Q6
A0A979G7L1	A0ABS7GJ87
A0A979G7L1	A0ABY4I983
A0A9W6KWZ4	A0A9W6KWZ4
A0A9W6KWZ4	A0ABV5M060
A0AA35STV5	A0AA35STV5
A0AAC9IHE2	A0AAC9IHE2
A0AAC9IHE2	A8FJA7
A0AAC9IHE2	A0ABD4QNI5
A0AAC9IHE2	A0A498U0Q9
A0AAC9IHE2	A0ABV1RZC7
A0AAC9IHE2	A0AB39J3E3
A0AAC9IHE2	A0A081L7A1
A0AAJ0U0Z2	A0AAJ0U0Z2
A0ABW5Z4F1	A0ABW5Z4F1
A0ABX4BKH5	A0ABX4BKH5
A0ABX4BKH5	A0A1M7IR60
A0ABX4BKH5	A0AAJ2VYH9
A0ABX4BKH5	A0A6I4NUZ3
A0ABX4BKH5	A0A940XCF7
A0ABX4BKH5	A0ABV5HAJ9
A0ABX4BKH5	A0ABQ1UYV0
A0ABX4BKH5	A0A085ZZL7
A0ABX4BKH5	A0A226HIA4
A0ABX4BKH5	A0A9X2ZDM0
A0ABX4BKH5	A0ABM8KMZ4
A0ABX4BKH5	A0A0D0F3P0
A0ABX4BKH5	A0A502EBP6
A0ABX4BKH5	A0ABU1Y798
A0ABX4BKH5	A0A1S1JC19
A0ABX4BKH5	A0ABS8M662
A0ABX4BKH5	A0A434ACG8
A0ABX4BKH5	A0ABS5PHC2
A0ABX4BKH5	A0A2V4BM66
A0ABX4BKH5	A0A934PL51
A0ABX4BKH5	A0ABX2XV24
A0ABX4BKH5	A0A2V4BY12
A0ABX4BKH5	A0A4Y7U766
A0ABX4BKH5	A5FGD0
A0ABX4BKH5	Q93LN3
A0ABX4BKH5	A0ABT4WJ17
A0ABX8B8Q5	A0ABX8B8Q5
A0ABX8B8Q5	A0ABX8AWL7
A0ABX8B8Q5	G2LG31
B7LU42	B7LU42
B7LU42	B7MH78
B7LU42	B7UND1
B7LU42	A0A0H2VCJ8
B7LU42	Q3YVF2
B7LU42	A0A0H2Z4Z6
B7LU42	A0A0H3ERZ1
B7LU42	Q8X8P4
B7LU42	Q329Z0
B7LU42	B2TUX0
B7LU42	O25413
B7LU42	B5Z774
B7LU42	Q17XB8
F8C5P0	F8C5P0
G7WLC4	G7WLC4
I2F2H6	I2F2H6
K9H359	K9H359
L9YW60	L9YW60
L9YW60	L9ZVX3
L9YW60	A0A4P9THL5
M0N991	M0N991
M0N991	A0AAV3SD27
M0N991	M0N115
Q1G8W7	Q1G8W7
Q1G8W7	A0ABQ3W338
S3M9X3	S3M9X3
S3M9X3	A0ABX7LZZ6
W0I3K0	W0I3K0
W0I3K0	F0LGZ8
W0I3K0	A0A9E7M8Y0
W0I3K0	A0A9E7SR30
W0I3K0	A0A075LTY7
A0A1T4K5U0	A0A1T4K5U0
A0A1T4K5U0	A0A7X2T390
A0A2M9CUV7	A0A2M9CUV7
A0A2M9CUV7	A0A1I7MXD7
A0A2W2GJV3	A0A2W2GJV3
A0A2W2GJV3	A0A366LQR6
A0A316TME0	A0A316TME0
A0A369A5F5	A0A369A5F5
A0A386HMK1	A0A386HMK1
A0A3G9JJG7	A0A3G9JJG7
A0A401UA90	A0A401UA90
A0A420XJ55	A0A420XJ55
A0A4P6YS19	A0A4P6YS19
A0A4Q7KXK6	A0A4Q7KXK6
A0A4R3K0M4	A0A4R3K0M4
A0A4U1HYW1	A0A4U1HYW1
A0A4Y9QKW5	A0A4Y9QKW5
A0A4Y9QKW5	A0A1G6VUF2
A0A4Y9QKW5	A0A1M7ZIV1
A0A4Y9QKW5	A0ABT2G8K7
A0A4Y9QKW5	A0A1I5I8X6
A0A4Y9QKW5	A0A4R5UZG9
A0A4Y9QKW5	A0ABS7N7N3
A0A512RNQ7	A0A512RNQ7
A0A5B8V970	A0A5B8V970
A0A5C6RUP6	A0A5C6RUP6
A0A5J4G0V3	A0A5J4G0V3
A0A5J4G0V3	A0A5J4J2P9
A0A6M5YJI7	A0A6M5YJI7
A0A7T1F294	A0A7T1F294
A0A841R5Q5	A0A841R5Q5
A0A8J3FTH8	A0A8J3FTH8
A0A8J6YJQ6	A0A8J6YJQ6
A0A926WL60	A0A926WL60
A0A926WL60	D7DW40
A0A926WL60	A0ABR8FKJ3
A0A926WL60	A0A3S1AAT8
A0A926WL60	A0ABR8IZA6
A0A9E7C7B4	A0A9E7C7B4
A0A9W6UGG3	A0A9W6UGG3
A0AAJ3N0U9	A0AAJ3N0U9
A0AAJ3N0U9	A0A1V3I7N6
A0AAJ3N0U9	A0A1V3IMI8
A0AAJ3N0U9	A0A1V3IZB9
A0AAJ3N0U9	A0A1V3JGJ7
A0AAJ3N0U9	A0A4R2N291
A0ABP7QMS0	A0ABP7QMS0
A0ABP7QMS0	A0A7S9PZN0
A0ABP7QMS0	A0A0C1FU81
A0ABP7QMS0	A0A1G6IJ19
A0ABP7QMS0	A0A369PZX1
A0ABP7QMS0	A0A317ES69
A0ABP7QMS0	A0A317F349
A0ABP7QMS0	A0A1I0SI35
A0ABP7QMS0	A0ABQ2BK57
A0ABP7QMS0	A0A3N0BV73
A0ABP7QMS0	A0A7G9QMJ1
A0ABP7QMS0	A0ABV8NJ87
A0ABP7QMS0	A0ABX6TPQ4
A0ABP7QMS0	A0ABV8P681
A0ABP7QMS0	A0A1G7N8E6
A0ABP7QMS0	A0A4R0NYK3
A0ABP7QMS0	A0ABP8BQE9
A0ABP7QMS0	A0A4R0Q3F1
A0ABP7QMS0	A0A366KNN8
A0ABP7QMS0	A0A4V6MTU0
A0ABP7QMS0	A0A497XZN2
A0ABP7QMS0	A0ABR7KQI5
A0ABP7QMS0	A0ABT4KVC3
A0ABP7QMS0	A0A0T5VKH2
A0ABP7QMS0	A0A9X3I961
A0ABP7QMS0	A0A4V6PJ83
A0ABP7QMS0	A0ABT4LA39
A0ABP7QMS0	A0A4R2HBS4
A0ABP7QMS0	A0A7W6K8C4
A0ABP7QMS0	A0ABW5MH83
A0ABP7QMS0	A0A7K0FWI1
A0ABP7QMS0	A0A1H9S1J4
A0ABR7VML7	A0ABR7VML7
A0ABS6RXV1	A0ABS6RXV1
A0ABT3CSU4	A0ABT3CSU4
A0ABU3BGH1	A0ABU3BGH1
A0ABU3BGH1	A0ABU3AC91
A0ABV2LUA7	A0ABV2LUA7
A0ABX1GSQ1	A0ABX1GSQ1
A0ABX8R164	A0ABX8R164
A0A4R3KH06	A0A4R3KH06
A0A4R3KH06	A0ABT1EH93
A0A4R3KH06	A0A7V7QN77
A0A4R3KH06	G5IK99
A0A4R3KH06	A0A2V3Y446
A0A4R3KH06	A0ABR7HAU6
A0A4R3KH06	A0A316AJZ4
A0A6B0SQR9	A0A6B0SQR9
A0A6B0SQR9	A0ABD5X350
A0A6B0SQR9	A0A8T8WC23
A0A6B0SQR9	A0ABD5MFY5
A0A6B0SQR9	A0ABD5TJI8
A0A6B0SQR9	A0A1M5KT35
A0A6B0SQR9	A0ABD5W3Y1
A0A6M8BAN2	A0A6M8BAN2
A0A7G1H3U2	A0A7G1H3U2
A0A7X6DSS4	A0A7X6DSS4
A0A841RLD5	A0A841RLD5
A0A8J3IEE7	A0A8J3IEE7
A0A918G541	A0A918G541
A0A918G541	A0ABW0EE40
A0A927B853	A0A927B853
A0A9E7N9P0	A0A9E7N9P0
A0A9W6VXC3	A0A9W6VXC3
A0A9W6VXC3	A0ABV5YAE7
A0AAE3FPB3	A0AAE3FPB3
A0AAE3FPB3	A0A897MUW0
A0ABD5YD75	A0ABD5YD75
A0ABD5YD75	M0PJV9
A0ABD5YD75	A0ABD6AJB3
A0ABM7WAM4	A0ABM7WAM4
A0ABM7WAM4	A0A1M5UJ47
A0ABP1CAH6	A0ABP1CAH6
A0ABS2MX02	A0ABS2MX02
A0ABT7WH18	A0ABT7WH18
A0ABU3C0C0	A0ABU3C0C0
A0ABU3C0C0	A0ABU3BB39
A0ABV8CVY3	A0ABV8CVY3
A0ABV8CVY3	A0ABT9YQF7
A0ABV8CVY3	A0A2G3NPL8
A0ABV8CVY3	A0A6I4RKP2
A0ABV8CVY3	A0ABS2PU87
A0ABV8CVY3	E0PFM6
A0ABV8CVY3	A0A1Q8E5G2
A0ABV8CVY3	A0ABY7LZT8
A0ABV8CVY3	F5X316
A0ABV8CVY3	A0A0W7V1I1
A0ABV9N435	A0ABV9N435
A0ABV9N435	A0ABW5ZS43
A0ABV9N435	A0A5C6ZNS9
A0ABV9N435	A0A5C7AFA5
A0ABV9N435	A0A4R7PZ40
A0ABV9N435	A0A5C7BAR8
A0ABV9N435	A0A1A7R853
A0ABV9N435	A0A4Q0XM08
A0ABV9N435	A0A7W2M4F5
A0ABV9N435	A0A934NIG4
A0ABV9N435	A0ABS3SPW6
A0ABV9N435	A0ABY7S678
A0ABV9N435	A0A8J2XE24
A0ABV9N435	A0A420DKR4
A0ABV9N435	A0ABU2YH86
A0ABW2KX71	A0ABW2KX71
A0ABW2KX71	B6IUL6
A0ABY3C771	A0ABY3C771
A0ABY5NQ07	A0ABY5NQ07
A0ABY5NQ07	A0A1H6JCS7
A0ABY8PMU5	A0ABY8PMU5
A0ABY8PMU5	A0A1M4THF8
A0ABY8PMU5	H2J8D6
A0B5M8	A0B5M8
B8GV31	B8GV31
D0MIM7	D0MIM7
D0MIM7	A0A1M6SYA8
D8J8I9	D8J8I9
D8J8I9	A0A151AJD1
D8J8I9	A0ABD5V3Y5
H0E9W0	H0E9W0
H0E9W0	A0ABU4VME7
I3TE34	I3TE34
K9WJJ3	K9WJJ3
M0BDG2	M0BDG2
M0BDG2	M0AJV7
M1WYX4	M1WYX4
A0A0F3H149	A0A0F3H149
A0A290QCL1	A0A290QCL1
A0A347ZNR7	A0A347ZNR7
A0A369TF76	A0A369TF76
A0A3A1Y8K0	A0A3A1Y8K0
A0A3A1Y8K0	A0A3A1Y9J7
A0A3A1Y8K0	A0A3A1YB24
A0A495LWC4	A0A495LWC4
A0A495LWC4	A0ABR6DJL3
A0A495LWC4	A0A3P3W6C5
A0A495LWC4	A0A501Q4P6
A0A495LWC4	A0A497UAB6
A0A495LWC4	A0ABW1PJ66
A0A4R3N295	A0A4R3N295
A0A4R7EVJ2	A0A4R7EVJ2
A0A4U6D8W8	A0A4U6D8W8
A0A4U6D8W8	A0A1H6WGQ8
A0A4U6D8W8	A0ABR9WLI9
A0A543IP72	A0A543IP72
A0A562VGZ3	A0A562VGZ3
A0A5C6ZSI0	A0A5C6ZSI0
A0A5C6ZSI0	A0A5B8YFM7
A0A5C6ZSI0	A0A495PKU4
A0A5C6ZSI0	H2BW84
A0A5C6ZSI0	A0ABS9EIR8
A0A5C6ZSI0	A0A5B7WYU9
A0A5R8M4N8	A0A5R8M4N8
A0A5R8M4N8	A0A1I6JSZ0
A0A5R8M4N8	A0A4R7D0E7
A0A5R8M4N8	A0A223V0X9
A0A5R8M4N8	A0A4R7K582
A0A5R8M4N8	A0ABY5YB31
A0A5R8M4N8	A0A1H7SLZ4
A0A5R8M4N8	A0A1T5BF63
A0A5R8M4N8	A0A3R8R2N3
A0A5R8M4N8	A0ABU7IJB2
A0A5R8M4N8	A0ABU7IWH1
A0A5R8M4N8	A0ABY0UI12
A0A5R8M4N8	A0A1N6VFR4
A0A5R8M4N8	A0A653VDR8
A0A5R8M4N8	A0ABY1SJT3
A0A5R8M4N8	A0ABT8RTV0
A0A5R8M4N8	A0A1B7ZCR0
A0A5R8M4N8	A0A1M6TVJ3
A0A6P2BZZ7	A0A6P2BZZ7
A0A7Y0AFM3	A0A7Y0AFM3
A0A897N6A3	A0A897N6A3
A0A897N6A3	A0AAE3IE24
A0A8U0IET5	A0A8U0IET5
A0A941ELM8	A0A941ELM8
A0A941ELM8	A0A941EGX7
A0AA43GRP7	A0AA43GRP7
A0AAE3GEA4	A0AAE3GEA4
A0AAU9CPA2	A0AAU9CPA2
A0ABD5ZGW2	A0ABD5ZGW2
A0ABR9APC1	A0ABR9APC1
A0ABR9APC1	A0A514CDD5
A0ABR9APC1	A0ABQ1UNX4
A0ABR9APC1	A0ABV5J332
A0ABR9APC1	A0ABV8EJR9
A0ABR9APC1	A0A918Q8W1
A0ABR9APC1	A0AAP2CGY5
A0ABR9APC1	L0FRT9
A0ABR9APC1	A0A2Z4IG47
A0ABR9APC1	A0A074LMN1
A0ABS2QBK6	A0ABS2QBK6
A0ABS4SDP2	A0ABS4SDP2
A0ABS6X6C0	A0ABS6X6C0
A0ABS6X6C0	A0A6B2H7Z5
A0ABS6X6C0	A0A6B3LMF8
A0ABS6X6C0	A0ABV1RU32
A0ABS8ZCT8	A0ABS8ZCT8
A0ABS8ZCT8	A0ABS4TCC8
A0ABS8ZCT8	A0A0N7F5H3
A0ABS8ZCT8	A0A1Y5XH78
A0ABS8ZCT8	A0ABX2EXP8
A0ABS8ZCT8	A0A4R2KEF1
A0ABT3IP61	A0ABT3IP61
A0ABT3IP61	A0A2P8HFJ9
A0ABT3IP61	A0ABV2T0Z0
A0ABT3IP61	A0A1T4NUN2
A0ABT3IP61	A0A1M7M7K0
A0ABT3IP61	A0A1I0S8Q0
A0ABT3IP61	A0A1H4GJP2
A0ABT3IP61	A0A365XVX2
A0ABT3IP61	A0ABS5J5V1
A0ABT3IP61	A0A847RJI7
A0ABT3IP61	A0A327VH84
A0ABT3IP61	A0A433W9K5
A0ABT3IP61	A0A1T5PBF6
A0ABT3IP61	A0A847SVC6
A0ABT3IP61	A0A3E1Y234
A0ABT3IP61	A0AAE6ZFX8
A0ABT3IP61	A0A561PND4
A0ABT3IP61	A0A848GPX6
A0ABT3IP61	A0ABR7TY48
A0ABT5XFD1	A0ABT5XFD1
A0ABU5YA34	A0ABU5YA34
A0ABV8FAM1	A0ABV8FAM1
A0ABV8FAM1	A0A7W7VPS9
A0ABW3Y5E1	A0ABW3Y5E1
A0ABW9M8N7	A0ABW9M8N7
A0ABW9M8N7	A0A2I1MB01
A0ABX1QSB6	A0ABX1QSB6
A0ABX1QSB6	A0ABS2CZV9
A0ABZ2J8G3	A0ABZ2J8G3
A0LI44	A0LI44
D1B8Y8	D1B8Y8
A0ABV9VKN5	A0ABV9VKN5
A0ABV9VKN5	A0ABP4MHM0
A0ABV9VKN5	A0A919PGB0
A0ABV9VKN5	A0A9Q9INF5
A0ABY5ZBW6	A0ABY5ZBW6
A0ABY5ZBW6	A0ABY5W2E5
C0QQK1	C0QQK1
D2B7N7	D2B7N7
D2B7N7	A0A243RBP6
D2B7N7	A0A7W7RTQ5
D2B7N7	A0A1I4F1H4
D2B7N7	A0ABQ2RKV3
D2B7N7	A0ABT9R5Y5
D2B7N7	A0A9W6ME81
D2B7N7	A0A852VAL2
E0UAC0	E0UAC0
F2L404	F2L404
H2C6T1	H2C6T1
I3ZXJ9	I3ZXJ9
L0AFT3	L0AFT3
L0AFT3	A0A1I0NQU4
Q9HSC5	Q9HSC5
A0A010YJ83	A0A010YJ83
A0A010YJ83	A0ABN0ULT6
A0A090KW34	A0A090KW34
A0A090KW34	A0ABU9K194
A0A0C5CS39	A0A0C5CS39
A0A0C5CS39	A0AAU7WF38
A0A0C5CS39	A0A5J4J5V1
A0A0G2ZA86	A0A0G2ZA86
A0A143DEK9	A0A143DEK9
A0A193LE22	A0A193LE22
A0A1G7F2E3	A0A1G7F2E3
A0A1H3XMU6	A0A1H3XMU6
A0A1H3XMU6	A0A8H2LNL4
A0A1H3XMU6	A0ABY3MEU3
A0A1H7S3D4	A0A1H7S3D4
A0A1H7S3D4	A0A1I3FTG1
A0A1H7S3D4	A0A1I1E407
A0A1H7S3D4	A0A1T5DPF2
A0A1H7S3D4	A0A917I1U5
A0A1H7S3D4	A0ABV7JN62
A0A1H7S3D4	A0ABQ1L2Y8
A0A1Y4SWL8	A0A1Y4SWL8
A0A291QYJ9	A0A291QYJ9
A0A2N3L283	A0A2N3L283
A0A2S1SIT2	A0A2S1SIT2
A0A2S1SIT2	A0A2S0RFR3
A0A2S1SIT2	A0A1G8X0D0
A0A2U2MZ88	A0A2U2MZ88
A0A2X3VP54	A0A2X3VP54
A0A2X3VP54	A0ABV2JFS0
A0A2X3VP54	A0A1L7LH59
A0A2X3VP54	A0A0E4H5N2
A0A2X3VP54	A0A1L8ML49
A0A2X3VP54	A0ABV8D154
A0A2X3VP54	A0ABP2KGS8
A0A2X3VP54	B9DTI7
A0A2X3VP54	A0ABP2KZA7
A0A2X3VP54	A0ABP2R102
A0A2X3VP54	A0ABP2SWC6
A0A2X3VP54	I6L8Y8
A0A2X3VP54	Q93D99
A0A2X3VP54	A0A372KLX3
A0A2X3VP54	J7TWC1
A0A2X3VP54	A0A2N8LAW6
A0A2X3VP54	A0ABT2F7P4
A0A2X3VP54	G5JSS6
A0A2X3VP54	A0A5C5SE87
A0A2X3VP54	G5JUZ6
A0A2X3VP54	G5K979
A0A2X3VP54	A0A380JFP1
A0A2X3VP54	A0ABN5LKJ4
A0A2X3VP54	G5KHQ6
A0A2X3VP54	A0A380K436
A0A2X3VP54	A0A172Q5J6
A0A2X3VP54	A0ABX7YPF7
A0A2X3VP54	A0A1G6C4H7
A0A2X3VP54	A0ABT7LUF5
A0A364NW20	A0A364NW20
A0A370QGA9	A0A370QGA9
A0A370QGA9	A0A6G6GID2
A0A370QGA9	A0A167G7R9
A0A3A4B6G9	A0A3A4B6G9
A0A410MD05	A0A410MD05
A0A410MD05	A0A1I3ZP31
A0A410MD05	A0A845E9S4
A0A410MD05	A0A1H0Q5X9
A0A410MD05	A0A024P952
A0A410MD05	A0A3E0IXI5
A0A410MD05	A0A511WV08
A0A410MD05	A0A1W6A069
A0A410MD05	I0JHH1
A0A410MD05	A0A1I2PMC3
A0A495RZF4	A0A495RZF4
A0A495RZF4	A0A482TEF3
A0A495RZF4	A0A4P6YAJ6
A0A495RZF4	A0A562PU45
A0A495RZF4	A0A1M7J5P9
A0A495RZF4	A0A3L9ZKR3
A0A495RZF4	A0ABW6HQS1
A0A495RZF4	A0ABW6HSM9
A0A495RZF4	A0A2S1LEB8
A0A495RZF4	A0ABW6I9Z3
A0A495RZF4	A0A1M7PBC1
A0A495RZF4	A0ABS5CUF5
A0A495RZF4	A0A9X2BL98
A0A495RZF4	A0A553BPK2
A0A495RZF4	A0A930UBJ0
A0A495RZF4	A0ABS5D6W3
A0A495RZF4	A0A432CFR1
A0A495RZF4	A0A553C755
A0A495RZF4	A0A2S5ADD9
A0A495RZF4	A0A4V2Z9I3
A0A495RZF4	A0A553E7F4
A0A495RZF4	A0A366AWD8
A0A495RZF4	A0A4R5ASZ4
A0A495RZF4	A0ABR7JJL8
A0A495RZF4	A0A4R5C4W7
A0A495RZF4	A0A1H8RD77
A0A495RZF4	A0A1M5HIF1
A0A495RZF4	A0A4R5CKB9
A0A495RZF4	A0ABT6VDN2
A0A495RZF4	A0A1G8FQA5
A0A495RZF4	A0A1I2EYX8
A0A495RZF4	A0A1M5I3F2
A0A495RZF4	A0AAW6TSV1
A0A495RZF4	A0A167W1U4
A0A495RZF4	A0A1H6A850
A0A495RZF4	A0ABY2DQJ6
A0A495RZF4	A0A1M5JMJ4
A0A4R7UVD4	A0A4R7UVD4
A0A4R7UVD4	A0A7W7Q3Q7
A0A4R7UVD4	A0ABV9SEM6
A0A4V2PDH5	A0A4V2PDH5
A0A517YBC9	A0A517YBC9
A0A545TMF3	A0A545TMF3
A0A5C7F0R9	A0A5C7F0R9
A0A5K7Z1R7	A0A5K7Z1R7
A0A6N6M7N6	A0A6N6M7N6
A0A7G8BR14	A0A7G8BR14
A0A7K3NIT5	A0A7K3NIT5
A0A7U6GGP4	A0A7U6GGP4
A0A839DUU1	A0A839DUU1
A0A8A4TUX7	A0A8A4TUX7
A0A8J3NT98	A0A8J3NT98
A0A8J3NT98	A0ABW2GVP7
A0A8J3NT98	A0A8J3JF99
A0A8J3NT98	A0A8J3KUY1
A0A8J3NT98	A0A8J3KX47
A0A8J3NT98	A0A8J3LES1
A0A916JPB0	A0A916JPB0
A0A918XIL1	A0A918XIL1
A0A928VRZ6	A0A928VRZ6
A0AA49GLW8	A0AA49GLW8
A0AA49GLW8	A0A1X7L2R4
A0AA49GLW8	A0AA51ND06
A0AA49GLW8	E4TM84
A0ABS1E1I4	A0ABS1E1I4
A0ABS5AXW4	A0ABS5AXW4
A0ABS5AXW4	A0AB36JN33
A0ABS5AXW4	A0ABY2YF77
A0ABS5AXW4	F8DJU0
A0ABS5AXW4	A0ABM7V0H2
A0ABS5AXW4	A0A2I1UGF1
A0ABS5AXW4	A0A3B0BK07
A0ABS5AXW4	A0ABT6QES4
A0ABS5AXW4	A0ABY2YM10
A0ABS5AXW4	A0ABM8CIR6
A0ABS5AXW4	A0ABS7DUU7
A0ABS5AXW4	A8AVH4
A0ABS5AXW4	A0A239SNF2
A0ABS5AXW4	A0A7X6S1N1
A0ABS5AXW4	A0ABS2PPY5
A0ABS5AXW4	A0A3P1V9W6
A0ABS5AXW4	T1ZDC0
A0ABS5AXW4	A0ABU6BAH7
A0ABS5AXW4	A0A9X0WML0
A0ABS5AXW4	A0ABX9P9D1
A0ABS5AXW4	A0ABR7CQ52
A0ABS5AXW4	A0ABS5B1T1
A0ABS5AXW4	A3CLH9
A0ABS5AXW4	A0A917A9S3
A0ABS5AXW4	A0ABS3GF23
A0ABS5AXW4	A0A412PLF3
A0ABS5AXW4	A0A0H2ZRK5
A0ABS5AXW4	A0A0A0DHR7
A0ABS5AXW4	A0AA96VD47
A0ABS5AXW4	A0A0H3MTS2
A0ABS5AXW4	A0AA97A2F2
A0ABS5AXW4	A0ABD7NFL2
A0ABS5AXW4	A0A3S9MSQ6
A0ABS5AXW4	I0S5A4
A0ABS5AXW4	A0ABM5NLJ4
A0ABS5AXW4	E7S9U3
A0ABS5AXW4	A0A4Z1DUQ1
A0ABS5AXW4	A0A2L0D2I0
A0ABS5AXW4	A0A380L157
A0ABS5AXW4	A0A380L5E1
A0ABS5AXW4	F9P7A4
A0ABS5AXW4	A0ABV2ESZ7
A0ABS5AXW4	A0ABM6Z998
A0ABS5AXW4	A0A3S4LS96
A0ABS5AXW4	A0ABV2FIB9
A0ABS5AXW4	Q8DQY7
A0ABS5AXW4	A0A0H2UNN7
A0ABT6CE50	A0ABT6CE50
A0ABT8KJC7	A0ABT8KJC7
A0ABV3ZHQ0	A0ABV3ZHQ0
A0ABW5M6U1	A0ABW5M6U1
A0ABX2CZM9	A0ABX2CZM9
A0ABX2CZM9	K9VC43
A0ABY3YIW9	A0ABY3YIW9
A0ABY3YIW9	W2US51
A0ABY6CLY2	A0ABY6CLY2
A1RWP6	A1RWP6
C1AB82	C1AB82
D2C6G6	D2C6G6
D2C6G6	Q9WZC8
D2C6G6	A5IJC7
D2C6G6	B9KAW9
E1JYA7	E1JYA7
F2LXW7	F2LXW7
I4AL31	I4AL31
L0DPP6	L0DPP6
M7NU59	M7NU59
Q3B5V5	Q3B5V5
Q9UYD3	Q9UYD3
Q9UYD3	O58212
U4THZ2	U4THZ2
U4THZ2	A0A0R1MU55
U4THZ2	A0A510TZS8
A0A011PTV4	A0A011PTV4
A0A090Q3K4	A0A090Q3K4
A0A0S3QTJ4	A0A0S3QTJ4
A0A193LKN8	A0A193LKN8
A0A1H3YUF0	A0A1H3YUF0
A0A1I4QPY6	A0A1I4QPY6
A0A1Q6DTB5	A0A1Q6DTB5
A0A1Y4SY26	A0A1Y4SY26
Q3J8U0	Q3J8U0
Q3J8U0	D8K7T6
U5C2M2	U5C2M2
U5C2M2	A0A1H3QN11
U5C2M2	I3Z1D0
U5C2M2	A0ABW4VHQ0
U5C2M2	A0ABS9UXG7
U5C2M2	A0ABS9V8V9
U5C2M2	A0ABS9URP9
U5C2M2	A0A239B9L9
U5C2M2	A0A1N7M6N3
U5C2M2	A0ABQ1N1D8
A0A0S4KX89	A0A0S4KX89
A0A0X1KRH6	A0A0X1KRH6
A0A150KLM7	A0A150KLM7
A0A150KLM7	A0ABX7E672
A0A194AIH0	A0A194AIH0
A0A1H4BK72	A0A1H4BK72
A0A1H4BK72	A0A5B8VH52
A0A1H7VQZ1	A0A1H7VQZ1
A0A1H7VQZ1	A0A562T5G6
A0A1H7VQZ1	A0A5B2VZS0
A0A1I4RFS3	A0A1I4RFS3
A0A1I7GC31	A0A1I7GC31
A0A1M4X3A2	A0A1M4X3A2
A0A1M6CIB4	A0A1M6CIB4
A0A1M6CIB4	A0ABP8ZI39
A0A1M7SE88	A0A1M7SE88
A0A1M7SE88	H9UAB6
A0A1M7SE88	A0AAI8CKD0
A0A1M7SE88	A0ABX5QPW5
A0A1M7SE88	A0A172T309
A0A1M7SE88	A7HJ64
A0A1Q8CFY8	A0A1Q8CFY8
A0A1Y5RVG2	A0A1Y5RVG2
A0A250FCE8	A0A250FCE8
A0A2A2GCC5	A0A2A2GCC5
A0A2A2GCC5	A0A5D3YI63
A0A2A2GCC5	A0A6M1T2Q5
A0A2N3PWW9	A0A2N3PWW9
A0A2T0MCM7	A0A2T0MCM7
A0A2U2X4K4	A0A2U2X4K4
A0A2U2X4K4	A0ABX1DGA0
A0A2U2X4K4	A0ABS4BZ05
A0A2U2X4K4	A0A1M6C7D4
A0A2U2X4K4	A0ABP9CFW7
A0A2U2X4K4	A0A6N6MEJ4
A0A2U2X4K4	A0A8J7LS40
A0A2U2X4K4	A0ABP9EP73
A0A2U2X4K4	A0ABS9IMI7
A0A2U2X4K4	A0A090WBY8
A0A2U2X4K4	A0ABP9GSZ6
A0A2U2X4K4	A0A1E5SHA9
A0A2U2X4K4	A0A1I1QU17
A0A2U2X4K4	A0A9X1HX86
A0A2U2X4K4	A0A5M7B2C0
A0A2U2X4K4	A0A9X1L737
A0A2U2X4K4	A0A0D7WBT3
A0A2U2X4K4	A0ACC5UC44
A0A2U2X4K4	A0A5C4SCD5
A0A2U2X4K4	A0A1K2IGA8
A0A2Y9BK37	A0A2Y9BK37
A0A2Y9BK37	A0ABQ0BD76
A0A2Y9BK37	A0ABZ0UJM5
A0A2Y9BK37	A0ABX6J7I4
A0A372G576	A0A372G576
A0A3D9V5I1	A0A3D9V5I1
A0A3M9NCX9	A0A3M9NCX9
A0A3M9NCX9	A0A5J5IIV1
A0A495V3D2	A0A495V3D2
A0A495V3D2	A0A1H2QPU7
A0A518AP13	A0A518AP13
A0A552V1E9	A0A552V1E9
A0A552V1E9	A0ABU9HR78
A0A552V1E9	A0ABW8YSZ8
A0A552V1E9	A0A2S1R0Z9
A0A552V1E9	A0A255Z7Y6
A0A552V1E9	A0ABW5NUI3
A0A552V1E9	A0A0A2M3C6
A0A552V1E9	A0A0A2MI35
A0A563VTR8	A0A563VTR8
A0A5B9WDE0	A0A5B9WDE0
A0A5K8A8M1	A0A5K8A8M1
A0A6C7ECA0	A0A6C7ECA0
A0A6J7ZIB8	A0A6J7ZIB8
A0A6N6N0J2	A0A6N6N0J2
A0A839HNG6	A0A839HNG6
A0A8D5FP37	A0A8D5FP37
A0A9X1B952	A0A9X1B952
A0AA51RSM3	A0AA51RSM3
A0AAE3LRU4	A0AAE3LRU4
A0AAP2DH10	A0AAP2DH10
A0ABN3J137	A0ABN3J137
A0ABP3XVT9	A0ABP3XVT9
A0A6N6RD23	A0A6N6RD23
A0A839SBX1	A0A839SBX1
A0A839SBX1	A0A110B1P3
A0A8D5U868	A0A8D5U868
A0A8J7RGM5	A0A8J7RGM5
A0A916Y2C1	A0A916Y2C1
A0A916Y2C1	A0A4Q1KQ70
A0A916Y2C1	A0A328WUV6
A0A916Y2C1	A0ABY4KCK1
A0A9P2TDD4	A0A9P2TDD4
A0AA51UH00	A0AA51UH00
A0AAE3MLZ5	A0AAE3MLZ5
A0AAV3T1H2	A0AAV3T1H2
A0ABD5NGG2	A0ABD5NGG2
A0ABD5NGG2	A0A6B0SK36
A0ABD5NGG2	A0A1I0NY76
A0ABD5NGG2	A0A0U5AB81
A0ABM8UTT8	A0ABM8UTT8
A0ABN3Q8B1	A0ABN3Q8B1
A0ABP3Y7R8	A0ABP3Y7R8
A0ABQ5MJH7	A0ABQ5MJH7
A0ABQ5MJH7	A0A9W6EV35
A0ABR7G459	A0ABR7G459
A0ABR8ASS2	A0ABR8ASS2
A0ABR8ASS2	A0ABR8A4J2
A0ABS7G370	A0ABS7G370
A0ABT6F9A3	A0ABT6F9A3
A0ABU6NZ93	A0ABU6NZ93
A0ABU6NZ93	A0ABY9KXE5
A0ABW3B897	A0ABW3B897
A0ABW9ZDB2	A0ABW9ZDB2
A0ABX6NKE0	A0ABX6NKE0
A0ABY6HSL4	A0ABY6HSL4
A0ABZ2YDC9	A0ABZ2YDC9
A2BJ71	A2BJ71
B1WUI5	B1WUI5
C4FLE1	C4FLE1
D2RGG4	D2RGG4
E1R7H0	E1R7H0
F3YX21	F3YX21
H6L2W4	H6L2W4
L0ICC1	L0ICC1
L0ICC1	M0BRL8
Q3SLM2	Q3SLM2
U5LE21	U5LE21
W9H8H7	W9H8H7
A0A023X0S8	A0A023X0S8
A0A095U239	A0A095U239
A0A0S4LLG9	A0A0S4LLG9
A0A0S4LLG9	A0A0S4L9W9
A0A1A6C615	A0A1A6C615
A0A1H1AD35	A0A1H1AD35
A0A1I4SMP3	A0A1I4SMP3
A0A1M6E3R2	A0A1M6E3R2
A0A1T5DWF5	A0A1T5DWF5
A0A1Y6CJQ9	A0A1Y6CJQ9
A0A250KSU0	A0A250KSU0
A0A2I2KWM8	A0A2I2KWM8
A0A2I2KWM8	Q2JFS8
A0A2I2KWM8	A0A0D8BG32
A0A2I2KWM8	A0A4S5EQQ8
A0A2I2KWM8	Q0RS24
A0A2I2KWM8	A0ABT0JT64
A0A2S5A4B5	A0A2S5A4B5
A0A2S5A4B5	A0A9X2F456
A0A2U3QH50	A0A2U3QH50
A0A2Z2M4W1	A0A2Z2M4W1
A0A2Z2M4W1	A0A218P9X3
A0A2Z2M4W1	A0A142CU64
A0A2Z2M4W1	I3ZVK3
A0A2Z2M4W1	W8P5K2
A0A2Z2M4W1	A0A0X1KLG2
A0A2Z2M4W1	A0A5C0SML4
A0A2Z2M4W1	A0A097QWP5
A0A2Z2M4W1	A0A2Z2M7S8
A0A2Z2M4W1	A0ABV4T6G5
A0A2Z2M4W1	C5A603
A0A2Z2M4W1	Q5JEG3
A0A2Z2M4W1	A0A160VSQ0
A0A2Z2M4W1	A0AAE4NU31
A0A2Z2M4W1	A0A4Y5SNJ8
A0A2Z2M4W1	A0A124EBN3
A0A2Z2M4W1	B6YX40
A0A365P4G4	A0A365P4G4
A0A3A9ZM25	A0A3A9ZM25
A0A3N0E839	A0A3N0E839
A0A3N0E839	A0A7W7W5S5
A0A3R9M704	A0A3R9M704
A0A3R9M704	A0A1I0FNB3
A0A3R9M704	A0A1H3ITF7
A0A3R9M704	A0A428KKJ2
A0A3R9M704	A0ABQ1WNU4
A0A3R9M704	W8F2B9
A0A3R9M704	A0A246FIU1
A0A3R9M704	A0A7Y7U500
A0A3R9M704	A0A3R9MC20
A0A3R9M704	A0A7W9SZX0
A0A3R9M704	A0ABR6JVT2
A0A3R9M704	A0ABU3TIZ4
A0A3R9M704	A0A418QN29
A0A3R9M704	A0ABY4JB92
A0A3R9M704	A0A238ZJ17
A0A497XI96	A0A497XI96
A0A4V2Z3T7	A0A4V2Z3T7
A0A5A5THH4	A0A5A5THH4
A0A5C8KDC2	A0A5C8KDC2
A0A5M4BBB1	A0A5M4BBB1
A0A5M4BBB1	A0A0B7HHP7
A0A5M4BBB1	A0ABW8Q8G8
A0A6L3ZIJ6	A0A6L3ZIJ6
A0A6V8LME7	A0A6V8LME7
A0A7G9T6Z9	A0A7G9T6Z9
A0A7V8NR07	A0A7V8NR07
A0A7W9IHK5	A0A7W9IHK5
A0A7W9IHK5	A0ABN3WHF8
A0A8J7SQ16	A0A8J7SQ16
A0A916ZUJ8	A0A916ZUJ8
A0A916ZUJ8	A0ABQ1SE44
A0A949T3L3	A0A949T3L3
A0A949T3L3	B8F329
A0A949T3L3	A0A4P7CI93
A0A949T3L3	A0ABX9XTG5
A0A949T3L3	A0A0J5PA01
A0A949T3L3	A0A328BVN2
A0AA51UMA9	A0AA51UMA9
A0AA51UMA9	W9DRF1
A0AA51UMA9	A0A7Z7FFI4
A0AA51UMA9	A0A7Z8P5D8
A0ABD5NKK1	A0ABD5NKK1
A0ABR7G473	A0ABR7G473
A0ABR9TTE9	A0ABR9TTE9
A0ABR9TTE9	A0ABV9PLL7
A0ABR9TTE9	A0A9N8P3M8
A0ABR9TTE9	A0ABW4HG22
A0ABR9TTE9	A0ABZ2UQW4
A0ABR9TTE9	A0A9X1HDZ1
A0ABR9TTE9	A0ABP7H415
A0ABS1GHK4	A0ABS1GHK4
A0ABS9K8B9	A0ABS9K8B9
A0ABT6FR15	A0ABT6FR15
A0ABT6FR15	I3C108
A0ABT6FR15	A0ABS9J1H7
A0ABU3IC75	A0ABU3IC75
A0ABU7H2W2	A0ABU7H2W2
A0ABV0AMD4	A0ABV0AMD4
A0ABV0AMD4	A0ABR8LAI2
A0ABV0AMD4	A0ABZ1SP73
A0ABV0AMD4	A0ABQ4FJV7
A0ABV0AMD4	A0ABY3LQ79
A0ABV0AMD4	A0A5J5JVS1
A0ABV0AMD4	A0A5R8YVQ1
A0ABV0AMD4	A0ABX9LA80
A0ABV0AMD4	A0A941AK13
A0ABV0AMD4	A0ABQ4G792
A0ABV0AMD4	A0ABQ4GSP2
A0ABV0AMD4	A0ABV3GAX9
A0ABV0AMD4	A0ABW6SJ11
A0ABV0AMD4	A0ABW6VN05
A0ABV0AMD4	A0A8J3UR37
A0ABV0AMD4	A0A8J3V7B0
A0ABV0AMD4	A0A8H9H542
A0ABV0AMD4	A0A8J3XC17
A0ABV0AMD4	A0A8J3XSN3
A0ABV0AMD4	A0A8J4DDA9
A0ABV0AMD4	A0A1N7FR95
A0ABV0AMD4	A0A5N6BI55
A0ABW4MUU8	A0ABW4MUU8
A0A3R9RSN7	A0A3R9RSN7
A0A432V1F9	A0A432V1F9
A0A4S3LZC8	A0A4S3LZC8
A0A518D0X6	A0A518D0X6
A0A5A9GTH1	A0A5A9GTH1
A0A5A9GTH1	G7Z424
A0A5A9GTH1	A0ABU0ML62
A0A5A9GTH1	A0A6N1AH83
A0A5A9GTH1	A0ABS1F672
A0A5A9GTH1	A0ABX2KE45
A0A5A9GTH1	A0A160JHL2
A0A5A9GTH1	A0A2U9S5K6
A0A5A9GTH1	A0A2B8BBD2
A0A5A9GTH1	A0AAC8VVY5
A0A5C1QEV9	A0A5C1QEV9
A0A5C8PCE9	A0A5C8PCE9
A0A6N7R597	A0A6N7R597
A0A6N7R597	A0A5Q2TTI2
A0A6N7R597	A0ACC6M3I2
A0A6V8Q692	A0A6V8Q692
A0A6V8Q692	A0A6V8PQF2
A0A7L6BDE7	A0A7L6BDE7
A0A7L6BDE7	A0A1C4WQS5
A0A7L6BDE7	A0AAW4JPQ8
A0A7L6BDE7	A0A1A9BGK0
A0A7L6BDE7	A0ABQ6U9H1
A0A7L6BDE7	A0ABW7ZRW0
A0A7V9AB82	A0A7V9AB82
A0A846QU23	A0A846QU23
A0A8G2C009	A0A8G2C009
A0A8G2C009	A0ABR9H0E5
A0A8G2C009	A0A1I3VDW9
A0A8G2C009	C7LQC6
A0A919ME68	A0A919ME68
A0A919ME68	A0ABW2HQ69
A0A919ME68	A0ABW6WJW0
A0A919ME68	A0A919JUJ7
A0A919ME68	A0ABQ3YMJ9
A0A931E5C0	A0A931E5C0
A0A9Q4GG53	A0A9Q4GG53
A0A9X1HQB6	A0A9X1HQB6
A0AAP2GVT5	A0AAP2GVT5
A0AAV3X648	A0AAV3X648
A0ABD5PUU8	A0ABD5PUU8
A0ABM9HC93	A0ABM9HC93
A0ABM9HC93	M1ZEX3
A0ABQ5U162	A0ABQ5U162
A0ABS1HVB7	A0ABS1HVB7
A0ABS1HVB7	A0A9W7NMH0
A0ABS1HVB7	A0ABU0WNV8
A0ABS1HVB7	A0ABS4SN84
A0ABS1HVB7	A0A9P1NKH2
A0ABS1HVB7	A0A2S2CU03
A0ABS1HVB7	A0A0N7I7C8
A0ABS1HVB7	A0ABW0GCT9
A0ABS1HVB7	A0ABX2KVF3
A0ABS1HVB7	A0A2K1G159
A0ABS9KZL9	A0ABS9KZL9
A0ABT1SX73	A0ABT1SX73
A0ABT1SX73	A0ABR7X2G5
A0ABT1SX73	A0A4Q5LS41
A0ABT1SX73	A0A4Y8AJQ8
A0ABT4BHV2	A0ABT4BHV2
A0ABT4BHV2	A0ABT0YC57
A0ABT4BHV2	A0ABT1DLN6
A0ABT4BHV2	A0ABS1VG09
A0ABT4BHV2	A0ABS5YFS8
A0ABT4BHV2	A0A4R6JY00
A0ABT4BHV2	A0A7W7G5V9
A0ABT4BHV2	A0ABS2AEA1
A0ABT6GBI9	A0ABT6GBI9
A0ABU1TRI7	A0ABU1TRI7
A0ABU3L1A3	A0ABU3L1A3
A0ABU3L1A3	A0A7X2ZVC1
A0ABU3L1A3	A0A1G9JLK3
A0ABU3L1A3	A0A1G7B643
A0ABU3L1A3	A0ABV8JV44
A0ABU3L1A3	A0A5S3PHM7
A0ABU3L1A3	A0ABY1KRY1
A0ABU3L1A3	G0L859
A0ABU3L1A3	A0A1M6INV0
A0ABU3L1A3	A0ABS5WIB8
A0ABU3L1A3	A0A3G2L7Z6
A0ABU3L1A3	A0ACC7LKV6
A0ABV0ECG9	A0ABV0ECG9
A0ABW3CZT0	A0ABW3CZT0
A0ABW4SCC9	A0ABW4SCC9
A0ABY4EKE6	A0ABY4EKE6
A0ABY6LY09	A0ABY6LY09
A0ABZ2Z5T6	A0ABZ2Z5T6
E3J4N8	E3J4N8
F4G3B8	F4G3B8
L0L2H9	L0L2H9
N6VSN9	N6VSN9
Q4C6F7	Q4C6F7
A0A031LMG6	A0A031LMG6
A0A098SCP7	A0A098SCP7
A0A0D5YW28	A0A0D5YW28
A0A0H3DLS3	A0A0H3DLS3
A0A0H3DLS3	A0AAU8P1K9
A0A0P1MG55	A0A0P1MG55
A0A0X8FLA2	A0A0X8FLA2
A0A1A8XM86	A0A1A8XM86
A0A1E5SK45	A0A1E5SK45
A0A1H1G2U0	A0A1H1G2U0
A0A1H1G2U0	A0A172XZK5
A0A1H1G2U0	A0A1M7CHK2
A0A1H1G2U0	A0A2M9C7D6
A0A1H1G2U0	A0A3D9CJL2
A0A1H1G2U0	A0A135WHU3
A0A1H1G2U0	A0ABT3HPX0
A0A1H1G2U0	A0A085ZAT5
A0A1H1G2U0	A0A1I0PD24
A0A1H1G2U0	A0A7Y0A647
A0A1H1G2U0	A0ABR8ZA72
A0A1H1G2U0	A0A1M7N3E2
A0A1H1G2U0	A0ABT2ID79
A0A1H1G2U0	A0A1N7HW77
A0A1H1G2U0	A0A086A6I0
A0A1H1G2U0	A0A6N4X5Q1
A0A1H1G2U0	A0A086BLA6
A0A1H1G2U0	A0A3M7LA55
A0A1H1G2U0	A0A6N4XTU1
A0A1H1G2U0	A0A7Y0FS89
A0A1H1G2U0	A0ABS9C404
A0A1H1G2U0	A0ABU6HWU8
A0A1H1G2U0	A0ABX6KMB7
A0A1H1G2U0	A0A0N0ZWB4
A0A1H1G2U0	A0ABS1FWT6
A0A1H1G2U0	A0ABT8U5T1
A0A1H1G2U0	A0A1N7JXF3
A0A1H1G2U0	A0ABU1LC81
A0A1H1G2U0	A0A1M5ABG5
A0A1H1G2U0	J3CF85
A0A1H1G2U0	A0A1H8BLK4
A0A1H1G2U0	A0A1I4VBH4
A0A1H1G2U0	A0A3N0W4D2
A0A1H1G2U0	A0AAE3Y4F3
A0A1H1G2U0	A0A1M5BE04
A0A1H1G2U0	A0ABP9MSZ6
A0A1H1G2U0	A0A840KDL2
A0A1H1G2U0	A0A1M5F6D2
A0A1H1G2U0	A0ABS1QES8
A0A1H1G2U0	A0ABY1NHF1
A0A1H1G2U0	A0ABT2IZF1
A0A1H1G2U0	A0ABY7QM15
A0A1H1G2U0	A0ABS7ZY64
A0A1H1G2U0	A0A1G8M9Q5
A0A1H1G2U0	A0A202BYR5
A0A1H1G2U0	A0A511YHQ6
A0A1H1G2U0	A0A1K2IBZ8
A0A1H1G2U0	A0ABY4K789
A0A1H1G2U0	A0A0J7L7D3
A0A1H1G2U0	A0ABT9SM42
A0A1H1G2U0	A0A3D9DEB4
A0A1H1G2U0	A0A3G6QYF6
A0A1H1G2U0	A0AAU6WV34
A0A1H1G2U0	A0A0B4DB24
A0A1H1G2U0	A0A3D9B3D4
A0A1H1G2U0	A0A841MZ98
A0A1H1G2U0	A0A1M5J8G3
A0A1I4VP35	A0A1I4VP35
A0A1I4VP35	A0A8J7KDI9
A0A1I4VP35	A0ABX1WNZ6
A0A1I4VP35	A0ABY8V9R6
A0A1I4VP35	A0A7H9DQ15
A0A1I4VP35	A0A4Z1BQB6
A0A1I4VP35	A0A511NLR1
A0A1I4VP35	A0A1M6TNQ1
A0A1R2CBJ5	A0A1R2CBJ5
A0A1T5JZQ0	A0A1T5JZQ0
A0A1W1XEI3	A0A1W1XEI3
A0A1Z3HSS0	A0A1Z3HSS0
A0A2N7X8S4	A0A2N7X8S4
A0A2S6GRM3	A0A2S6GRM3
A0A2T0WE29	A0A2T0WE29
A0A2T0WE29	A0A951IZ91
A0A2T0WE29	S2DXF1
A0A2U9IMK8	A0A2U9IMK8
A0A377G8J6	A0A377G8J6
A0A3B0BU82	A0A3B0BU82
A0A3N0WUU1	A0A3N0WUU1
A0A3N0WUU1	A0ABR4ZQ29
A0A3N0WUU1	A0A1I3KF50
A0A418KPG8	A0A418KPG8
A0A418KPG8	A0A4R4RQ02
A0A418KPG8	A0A4V2YTB2
A0A418KPG8	A0A7W9LLZ6
A0A418KPG8	A0A1H5HTN4
A0A418KPG8	A0A1H2LTY3
A0A418KPG8	A0A2W2B2D6
A0A433JAY7	A0A433JAY7
A0A498C805	A0A498C805
A0A4Q1C9E8	A0A4Q1C9E8
A0A4Q1C9E8	A0A1D8ATU6
A0A4R5APN9	A0A4R5APN9
A0A4S3PTW8	A0A4S3PTW8
A0A518DAZ9	A0A518DAZ9
A0A554N955	A0A554N955
A0A5C1QKD6	A0A5C1QKD6
A0A6G7PWI5	A0A6G7PWI5
A0A7H1N0J6	A0A7H1N0J6
A0A7X0B0G4	A0A7X0B0G4
A0A840ERP5	A0A840ERP5
A0A917BNX8	A0A917BNX8
A0A931EAB9	A0A931EAB9
A0A9Q4Q321	A0A9Q4Q321
A0A9Q4Q321	A0A8A2UDD2
A0A9Q4Q321	A0A2A5QZR4
A0A9Q4Q321	A0A1H9QL79
A0A9Q4Q321	L9Y9Z1
A0A9X3WHX2	A0A9X3WHX2
A0AA96F398	A0AA96F398
A0AAP2RGI7	A0AAP2RGI7
A0AAV5AQN9	A0AAV5AQN9
A0ABD5Q0G7	A0ABD5Q0G7
A0ABD5Q0G7	A0ABD5WKA6
A0ABD5Q0G7	A0A8U0HQ02
A0ABM9I5P1	A0ABM9I5P1
A0ABP5PX96	A0ABP5PX96
A0ABP5PX96	A0A917ZJW3
A0ABP5PX96	A0A1G9I5G9
A0ABP5PX96	A0A2W2F4Z9
A0ABP5PX96	A0A918AGJ1
A0ABP5PX96	A0A9X2K893
A0ABP5PX96	A0ABX8UER2
A0ABP5PX96	A0ABV5ID70
A0ABP5PX96	A0A1G9W336
A0ABP5PX96	A0A1H7FDH2
A0ABP5PX96	A0ABV5NMU9
A0ABP5PX96	A0A7W8AFG5
A0ABP5PX96	A0ABV5Q2C9
A0ABP5PX96	A0ABW4GJS9
A0ABP5PX96	A0ABR9KP32
A0ABP5PX96	A0ABV5S6J5
A0ABP5PX96	A0A2T0M7G9
A0ABP5PX96	A0A7Y6IHK1
A0ABP5PX96	A0A4R4NL71
A0ABP5PX96	A0A5S4EXX3
A0ABP5PX96	A0A7Y6IZZ9
A0ABP5PX96	A0ABR9M6C2
A0ABP5PX96	A0A5S4GB59
A0ABP5PX96	A0A7W9G156
A0ABP5PX96	A0A4R4VHZ8
A0ABP5PX96	A0A931ACE6
A0ABP5PX96	A0ABP4B5J0
A0ABP5PX96	A0ABT1K2X8
A0ABP5PX96	A0ABW7AJM7
A0ABP5PX96	A0A4R4WNL1
A0ABP5PX96	A0ABN3T687
A0ABP5PX96	A0A4R4YS12
A0ABP5PX96	A0ABP4S291
A0ABP5PX96	A0A7W0CQ88
A0ABP5PX96	A0ABW4TDP3
A0ABP5PX96	A0A7X0BZ71
A0ABP5PX96	A0ABW1BZW2
A0ABP5PX96	A0A7X0NLA5
A0ABP5PX96	A0ABW1DA26
A0ABP5PX96	A0ABW7YWB3
A0ABP5PX96	A0ABP7A5E3
A0ABP5PX96	A0ABW8AEH9
A0ABP5PX96	A0A438MIE3
A0ABP5PX96	A0A4R5FS33
A0ABP5PX96	A0A7W5VDQ3
A0ABP5PX96	A0ABT0FNW3
A0ABP5PX96	A0ABT4SCF1
A0ABP5PX96	A0A1H6EV84
A0ABP5PX96	A0ABX1BKW3
A0ABP5PX96	A0A1V0ADR6
A0ABT1WLN7	A0ABT1WLN7
B4S452	B4S452
C6A3E2	C6A3E2
C6A3E2	H3ZL13
D3RX97	D3RX97
E4TB35	E4TB35
F4L238	F4L238
H8KQR2	H8KQR2
K1JD17	K1JD17
K1JD17	A0A6M4Z407
K1JD17	A0ABT7QDR4
K1JD17	A0ABS4B941
K1JD17	A0ABT5LIB4
K1JD17	A0ABT5M624
K1JD17	A0A7T4DNQ6
K1JD17	A0ABW9GPK1
K1JD17	A0KGA3
K1JD17	T0PEM3
K1JD17	A0ABU5W9P9
K1JD17	A0ABU9JFL2
K1JD17	A0ABY3MFS6
K1JD17	A0A1Y2SJI1
K1JD17	A0A1I5DM66
K1JD17	A0A2G0Q8A6
K1JD17	A0A2H9U535
K1JD17	A0A2N3J5N9
K1JD17	A0ABS5GPT0
K1JD17	A0ABZ0F8C8
K1JD17	A0ABX0D3V8
K1JD17	A0ABW0YD78
K1JD17	A0AAW7I1U3
K1JD17	A0AAE9MIQ3
K1JD17	A0ABX7VJ84
K1JD17	A0A2D0JNC1
K1JD17	A0A2M8HBA2
L7FJS4	L7FJS4
O67940	O67940
Q5M5Y8	Q5M5Y8
V4RI29	V4RI29
A0A062VBU6	A0A062VBU6
A0A0H3K1D5	A0A0H3K1D5
A0A0H3K1D5	Q31QD5
A0A0P6WWP0	A0A0P6WWP0
A0A0S7C3A2	A0A0S7C3A2
A0A0X8XBM7	A0A0X8XBM7
A0A1E8GQH0	A0A1E8GQH0
A0A1E8GQH0	A0A9Q5NZR6
A0A1H1UXP9	A0A1H1UXP9
A0A1H8PLJ9	A0A1H8PLJ9
A0A1M6HHG9	A0A1M6HHG9
A0A1N6JSV2	A0A1N6JSV2
A0A1W2CFZ7	A0A1W2CFZ7
A0A1Z4JAL6	A0A1Z4JAL6
A0A238W2Y7	A0A238W2Y7
A0A265N770	A0A265N770
A0A265N770	A0A345PJV1
A0A265N770	A0A9X1CAJ8
A0A265N770	A0A2A2IDQ5
A0A265N770	A0A417YLU5
A0A265N770	A0A498D5H9
A0A265N770	A0A3D8PJU8
A0A265N770	A0A3D8PUI5
A0A2K1PFM8	A0A2K1PFM8
A0A2K1PFM8	A9BI00
A0A2K1PFM8	A0A4R8EII8
A0A2K1PFM8	A0ABX9UC00
A0A2K1PFM8	A0A2S5EG89
A0A2K1PFM8	A0A2K1P3G3
A0A2S6IIE7	A0A2S6IIE7
A0A2S6IIE7	A0ABX5PWV2
A0A2T1E331	A0A2T1E331
A0A2Z3HYS9	A0A2Z3HYS9
A0A378JBE7	A0A378JBE7
A0A378JBE7	A0A0W0YVJ6
A0A378JBE7	A0A2H5FN60
A0A378JBE7	D3HSZ8
A0A378JBE7	A0A378IJC1
A0A3E1NIJ1	A0A3E1NIJ1
A0A3N1Y8I8	A0A3N1Y8I8
A0A418PPI2	A0A418PPI2
A0A418PPI2	A0A841N0Z7
A0A418PPI2	A0A4R6T371
A0A418PPI2	A0A2W7R7K2
A0A418PPI2	A0A2W7RMD1
A0A418PPI2	A0ABN1N3U8
A0A418PPI2	A0A142ESA4
A0A418PPI2	A0ABS3BW27
A0A418PPI2	A0ABS3C3M1
A0A418PPI2	A0ABS3CM84
A0A418PPI2	A0ABW0BW34
A0A418PPI2	A0A1I1C2B1
A0A418PPI2	A0A1I7CHV3
A0A418PPI2	A0A326S105
A0A418PPI2	A0A3E0DZV4
A0A418PPI2	A0A327PI60
A0A418PPI2	A3HYH1
A0A418PPI2	A0ABY6MLI9
A0A418PPI2	A0ABQ6PQX9
A0A418PPI2	A0A1N6GZZ8
A0A418PPI2	A0ABQ6Q3K1
A0A418PPI2	A0ABY1PK92
A0A418PPI2	A0A1H6A0V6
A0A418PPI2	A0A1G5YSU1
A0A418PPI2	A0A1I2W9V5
A0A498KVJ4	A0A498KVJ4
A0A498KVJ4	A0A1G7J0S3
A0A498KVJ4	A0A1H8F6K3
A0A4Q1JNZ4	A0A4Q1JNZ4
A0A4Q1JNZ4	A0A425Y2L5
A0A4Q1JNZ4	A0A4Q7VI56
A0A4R1B2P9	A0A4R1B2P9
A0A510E450	A0A510E450
A0A518H8N2	A0A518H8N2
A0A5C4S4B3	A0A5C4S4B3
A0A5M8FSF6	A0A5M8FSF6
A0A650CM69	A0A650CM69
A0A6G8PZA9	A0A6G8PZA9
A0A6N7Y3F8	A0A6N7Y3F8
A0A7C9QRW2	A0A7C9QRW2
A0A7J0BFG9	A0A7J0BFG9
A0A7W3MWS4	A0A7W3MWS4
A0A7W3MWS4	D1A5M3
A0A7W3MWS4	A0A3D9SPM8
A0A7W3MWS4	A0A1H6DJ37
A0A840PKN9	A0A840PKN9
A0A847SFJ2	A0A847SFJ2
A0A8J8FIM9	A0A8J8FIM9
A0A917HR84	A0A917HR84
A0A931GU69	A0A931GU69
A0A972JH92	A0A972JH92
A0A9X4MNE4	A0A9X4MNE4
A0AAE4FP91	A0AAE4FP91
A0AAP5I8T7	A0AAP5I8T7
A0AAW4PNT3	A0AAW4PNT3
A0AAW4PNT3	A0AA41FZD7
A0AAW4PNT3	A0A830GI76
A0ABM9N4C2	A0ABM9N4C2
A0A1U7MX51	A0A1U7MX51
A0A1U7MX51	F4Y1K7
A0A1W6MHS0	A0A1W6MHS0
A0A211YP40	A0A211YP40
A0A211YP40	A0ABN6ZU97
A0A239A5P8	A0A239A5P8
A0A2P8DJ59	A0A2P8DJ59
A0A2S7T5L2	A0A2S7T5L2
A0A2T4TX16	A0A2T4TX16
A0A2W1NPR4	A0A2W1NPR4
A0A328YV61	A0A328YV61
A0A368MX66	A0A368MX66
A0A3N4W0W5	A0A3N4W0W5
A0A4E0PWY2	A0A4E0PWY2
A0A4Y8A6V3	A0A4Y8A6V3
A0A4Y8A6V3	A0A316HAL0
A0A4Y8A6V3	A0A4Y8SKR0
A0A4Y8A6V3	A0A5B8UYJ3
A0A4Y8A6V3	A0A6I4I8A0
A0A4Y8A6V3	A0ABP7QIV0
A0A4Y8A6V3	A0A494VPH8
A0A4Y8A6V3	A0A6I4IMX0
A0A4Y8A6V3	A0ABR7WUI0
A0A4Y8A6V3	A0A7K1SXC8
A0A4Y8A6V3	A0A495J2T3
A0A4Y8A6V3	A0A5B8WCI0
A0A4Y8A6V3	A0A562UI12
A0A4Y8A6V3	A0ABR7X2M2
A0A4Y8A6V3	A0ABS8TYD6
A0A4Y8A6V3	A0A1G6TZV8
A0A4Y8A6V3	A0A223NY75
A0A4Y8A6V3	H1YC58
A0A4Y8A6V3	A0A2H9VLI4
A0A4Y8A6V3	A0ABW2YY50
A0A4Y8A6V3	A0A1Q5ZWQ8
A0A4Y8A6V3	A0A563U424
A0A4Y8A6V3	A0ABP7WDM8
A0A4Y8A6V3	A0A563UIV5
A0A4Y8A6V3	A0ABW2ZFK4
A0A4Y8A6V3	A0A929PYR2
A0A4Y8A6V3	A0ABU3GYY8
A0A4Y8A6V3	A0ABW3ASP5
A0A4Y8A6V3	A0ABP9FSM4
A0A4Y8A6V3	A0A5C1HZ22
A0A4Y8A6V3	A0A7L5EBP6
A0A4Y8A6V3	A0ABT1SWT5
A0A4Y8A6V3	A0ABU1TFJ1
A0A4Y8A6V3	A0A372NWE5
A0A4Y8A6V3	A0A965ZLQ3
A0A4Y8A6V3	A0A1H8KH04
A0A4Y8A6V3	A0A0X8X337
A0A4Y8A6V3	A0A839SLG4
A0A4Y8A6V3	A0ABZ0TCK9
A0A4Y8A6V3	A0A556MHS7
A0A4Y8A6V3	A0ABR9XGI6
A0A4Y8A6V3	A0ABV6LFY9
A0A4Y8A6V3	A0A1H1WH71
A0A4Y8A6V3	A0A367GKI7
A0A4Y8A6V3	A0AAE6MHM1
A0A4Y8A6V3	A0A1G7P8Q9
A0A4Y8A6V3	A0A437MHY6
A0A4Y8A6V3	A0A917J5J7
A0A4Y8A6V3	A0A3E2NUL8
A0A4Y8A6V3	A0A7D4TNK7
A0A4Y8A6V3	A0A934UMK5
A0A4Y8A6V3	A0ABP8FRU8
A0A4Y8A6V3	A0ABY7T0K1
A0A4Y8A6V3	A0ABW5XUB8
A0A4Y8A6V3	A0A444MRM7
A0A4Y8A6V3	A0ABW5YBS2
A0A4Y8A6V3	A0A1N7GCT9
A0A4Y8A6V3	A0A1S9PM36
A0A4Y8A6V3	A0A4Q5LS98
A0A4Y8A6V3	A0A2T5J9P2
A0A4Y8A6V3	A0A926NMS2
A0A4Y8A6V3	A0A9X2B8I7
A0A512AUV5	A0A512AUV5
A0A512AUV5	A0A5M6DP58
A0A5B8NNG3	A0A5B8NNG3
A0A5C5Y2M4	A0A5C5Y2M4
A0A5D5AHW6	A0A5D5AHW6
A0A6M0RI04	A0A6M0RI04
A0A7D5IAK3	A0A7D5IAK3
A0A7R6PF77	A0A7R6PF77
A0A7W6RFD8	A0A7W6RFD8
A0A841GMM0	A0A841GMM0
A0A8J2YW90	A0A8J2YW90
A0A977KC46	A0A977KC46
A0AA35R949	A0AA35R949
A0AAX4L082	A0AAX4L082
A0ABN0E8T4	A0ABN0E8T4
A0ABN0E8T4	A0AAJ4W1J8
A0ABN0E8T4	A0A161S6A3
A0ABN6ET90	A0ABN6ET90
A0ABQ1JC37	A0ABQ1JC37
A0ABR5SIK8	A0ABR5SIK8
A0ABR7QQ32	A0ABR7QQ32
A0ABR7QQ32	A0A1X7IW65
A0ABR7QQ32	A0ABY3AAZ1
A0ABR7QQ32	A0A918J3Q6
A0ABR7QQ32	A0A1M5AXG9
A0ABR7QQ32	A0A327R0J5
A0ABR7QQ32	A0A3S0ADT0
A0ABR7QQ32	A0A1M6MFR4
A0ABR7QQ32	A0ABW5VGL9
A0ABT2QJK4	A0ABT2QJK4
A0ABV5D2C8	A0ABV5D2C8
A0ABV5D2C8	A0A810N2H2
A0ABV7L1U9	A0ABV7L1U9
A0ABV8ZZ31	A0ABV8ZZ31
A0ABV8ZZ31	A0ABS3GTH3
A0ABV8ZZ31	A0AAD0W9W7
A0ABV8ZZ31	A0ABX0L1U1
A0ABW3KAW3	A0ABW3KAW3
A0ABW3KAW3	A0A385SML3
A0ABW3KAW3	A0A1M5TWW4
A0ABW3KAW3	A0A364Y2V9
A0ABW3KAW3	A0AAP2DUI4
A0ABW3KAW3	A0AAP2GBV0
A0ABW3KAW3	A0AAP2GR77
A0ABW3KAW3	A0A1T5MM63
A0ABW3KAW3	A0ABS1KL27
A0ABX0XEH4	A0ABX0XEH4
A0ABX3J960	A0ABX3J960
A0ABX3J960	A0ACD5B7Y3
A0ABX3J960	M2Y5I0
A0ABX3J960	A0ABR9L2U1
A0ABX3J960	A0A1R0L1A8
A0ABX3J960	A0A229S0B3
A0ABX3J960	A0A229SHA7
A0ABX3J960	A0A154MMR6
A0ABX3J960	A0ABQ3LPX4
A0ABX3J960	A0A841B554
A0ABX3J960	A0A075V3C4
A0ABX3J960	A0ABV7P3L2
A0ABX7X9W9	A0ABX7X9W9
A0ABX7X9W9	A0A3L9MQD7
