O67940_position	O67940_expected_residue	alignment_column_1based	site_note	source_mapping_rows	sequence_label	annotation_group	residue	sequence_ungapped_position	header
8	D	18	functional_site	2	O67940_AQUAE_AlphaFold_chainA	query	D	8	O67940_AQUAE_AlphaFold_chainA | AlphaFoldDB v6 predicted structure for O67940_AQUAE | source=data/alphafold/AF-O67940-F1-model_v6.pdb
8	D	18	functional_site	2	2Q6O_chainA	structural_reference_chlorinase_related	D	9	2Q6O_chainA | Reference chlorinase-related structure, chain A | source=data/pdb/2Q6O.pdb
8	D	18	functional_site	2	1RQP_chainA	structural_reference_fluorinase	D	9	1RQP_chainA | Reference fluorinase structure, chain A | source=data/pdb/1RQP.pdb
8	D	18	functional_site	2	RSAMH_PYRHO	SAM_hydrolase	D	7	RSAMH_PYRHO | sp|O58212|RSAMH_PYRHO | group=SAM_hydrolase | domain_pattern=single_domain_match | decision=include
8	D	18	functional_site	2	RSAMH_THET8	SAM_hydrolase	D	9	RSAMH_THET8 | sp|Q5SLF5|RSAMH_THET8 | group=SAM_hydrolase | domain_pattern=single_domain_match | decision=include
8	D	18	functional_site	2	FLA_STRCT	fluorinase	D	16	FLA_STRCT | sp|Q70GK9|FLA_STRCT | group=fluorinase | domain_pattern=split_domain_match | decision=include_with_caution
8	D	18	functional_site	2	FLA_ACTMZ	fluorinase	D	15	FLA_ACTMZ | sp|A0A1G9FQX8|FLA_ACTMZ | group=fluorinase | domain_pattern=split_domain_match | decision=include_with_caution
8	D	18	functional_site	2	FLA_STRSQ	fluorinase	D	16	FLA_STRSQ | sp|W0W999|FLA_STRSQ | group=fluorinase | domain_pattern=split_domain_match | decision=include_with_caution
8	D	18	functional_site	2	FLA_ACTS9	fluorinase	D	14	FLA_ACTS9 | sp|R4LHX8|FLA_ACTS9 | group=fluorinase | domain_pattern=split_domain_match | decision=include_with_caution
8	D	18	functional_site	2	FLA_NOCB7	fluorinase	D	16	FLA_NOCB7 | sp|W8JNL4|FLA_NOCB7 | group=fluorinase | domain_pattern=split_domain_match | decision=include_with_caution
8	D	18	functional_site	2	SALL_SALTO	SalL_chlorinase_related	D	11	SALL_SALTO | sp|A4X3Q0|SALL_SALTO | group=SalL_chlorinase_related | domain_pattern=single_domain_match | decision=include
8	D	18	functional_site	2	RSAMH_SALTO	SAM_hydrolase	D	12	RSAMH_SALTO | sp|A4X4S2|RSAMH_SALTO | group=SAM_hydrolase | domain_pattern=single_domain_match | decision=include
8	D	18	functional_site	2	RSAMH_SALAI	SAM_hydrolase	D	12	RSAMH_SALAI | sp|A8M783|RSAMH_SALAI | group=SAM_hydrolase | domain_pattern=single_domain_match | decision=include
8	D	18	functional_site	2	RSAMH_METJA	SAM_hydrolase	D	18	RSAMH_METJA | sp|Q59045|RSAMH_METJA | group=SAM_hydrolase | domain_pattern=single_domain_match | decision=include
15	F	25	functional_site	2	O67940_AQUAE_AlphaFold_chainA	query	F	15	O67940_AQUAE_AlphaFold_chainA | AlphaFoldDB v6 predicted structure for O67940_AQUAE | source=data/alphafold/AF-O67940-F1-model_v6.pdb
15	F	25	functional_site	2	2Q6O_chainA	structural_reference_chlorinase_related	A	16	2Q6O_chainA | Reference chlorinase-related structure, chain A | source=data/pdb/2Q6O.pdb
15	F	25	functional_site	2	1RQP_chainA	structural_reference_fluorinase	S	16	1RQP_chainA | Reference fluorinase structure, chain A | source=data/pdb/1RQP.pdb
15	F	25	functional_site	2	RSAMH_PYRHO	SAM_hydrolase	Y	14	RSAMH_PYRHO | sp|O58212|RSAMH_PYRHO | group=SAM_hydrolase | domain_pattern=single_domain_match | decision=include
15	F	25	functional_site	2	RSAMH_THET8	SAM_hydrolase	Y	16	RSAMH_THET8 | sp|Q5SLF5|RSAMH_THET8 | group=SAM_hydrolase | domain_pattern=single_domain_match | decision=include
15	F	25	functional_site	2	FLA_STRCT	fluorinase	S	23	FLA_STRCT | sp|Q70GK9|FLA_STRCT | group=fluorinase | domain_pattern=split_domain_match | decision=include_with_caution
15	F	25	functional_site	2	FLA_ACTMZ	fluorinase	S	22	FLA_ACTMZ | sp|A0A1G9FQX8|FLA_ACTMZ | group=fluorinase | domain_pattern=split_domain_match | decision=include_with_caution
15	F	25	functional_site	2	FLA_STRSQ	fluorinase	S	23	FLA_STRSQ | sp|W0W999|FLA_STRSQ | group=fluorinase | domain_pattern=split_domain_match | decision=include_with_caution
15	F	25	functional_site	2	FLA_ACTS9	fluorinase	S	21	FLA_ACTS9 | sp|R4LHX8|FLA_ACTS9 | group=fluorinase | domain_pattern=split_domain_match | decision=include_with_caution
15	F	25	functional_site	2	FLA_NOCB7	fluorinase	S	23	FLA_NOCB7 | sp|W8JNL4|FLA_NOCB7 | group=fluorinase | domain_pattern=split_domain_match | decision=include_with_caution
15	F	25	functional_site	2	SALL_SALTO	SalL_chlorinase_related	A	18	SALL_SALTO | sp|A4X3Q0|SALL_SALTO | group=SalL_chlorinase_related | domain_pattern=single_domain_match | decision=include
15	F	25	functional_site	2	RSAMH_SALTO	SAM_hydrolase	F	19	RSAMH_SALTO | sp|A4X4S2|RSAMH_SALTO | group=SAM_hydrolase | domain_pattern=single_domain_match | decision=include
15	F	25	functional_site	2	RSAMH_SALAI	SAM_hydrolase	F	19	RSAMH_SALAI | sp|A8M783|RSAMH_SALAI | group=SAM_hydrolase | domain_pattern=single_domain_match | decision=include
15	F	25	functional_site	2	RSAMH_METJA	SAM_hydrolase	Y	25	RSAMH_METJA | sp|Q59045|RSAMH_METJA | group=SAM_hydrolase | domain_pattern=single_domain_match | decision=include
67	V	81	catalytic_site_Tyr70Thr_mutation_position	2	O67940_AQUAE_AlphaFold_chainA	query	V	67	O67940_AQUAE_AlphaFold_chainA | AlphaFoldDB v6 predicted structure for O67940_AQUAE | source=data/alphafold/AF-O67940-F1-model_v6.pdb
67	V	81	catalytic_site_Tyr70Thr_mutation_position	2	2Q6O_chainA	structural_reference_chlorinase_related	T	68	2Q6O_chainA | Reference chlorinase-related structure, chain A | source=data/pdb/2Q6O.pdb
67	V	81	catalytic_site_Tyr70Thr_mutation_position	2	1RQP_chainA	structural_reference_fluorinase	T	68	1RQP_chainA | Reference fluorinase structure, chain A | source=data/pdb/1RQP.pdb
67	V	81	catalytic_site_Tyr70Thr_mutation_position	2	RSAMH_PYRHO	SAM_hydrolase	V	66	RSAMH_PYRHO | sp|O58212|RSAMH_PYRHO | group=SAM_hydrolase | domain_pattern=single_domain_match | decision=include
67	V	81	catalytic_site_Tyr70Thr_mutation_position	2	RSAMH_THET8	SAM_hydrolase	V	68	RSAMH_THET8 | sp|Q5SLF5|RSAMH_THET8 | group=SAM_hydrolase | domain_pattern=single_domain_match | decision=include
67	V	81	catalytic_site_Tyr70Thr_mutation_position	2	FLA_STRCT	fluorinase	T	75	FLA_STRCT | sp|Q70GK9|FLA_STRCT | group=fluorinase | domain_pattern=split_domain_match | decision=include_with_caution
67	V	81	catalytic_site_Tyr70Thr_mutation_position	2	FLA_ACTMZ	fluorinase	T	74	FLA_ACTMZ | sp|A0A1G9FQX8|FLA_ACTMZ | group=fluorinase | domain_pattern=split_domain_match | decision=include_with_caution
67	V	81	catalytic_site_Tyr70Thr_mutation_position	2	FLA_STRSQ	fluorinase	T	75	FLA_STRSQ | sp|W0W999|FLA_STRSQ | group=fluorinase | domain_pattern=split_domain_match | decision=include_with_caution
67	V	81	catalytic_site_Tyr70Thr_mutation_position	2	FLA_ACTS9	fluorinase	T	73	FLA_ACTS9 | sp|R4LHX8|FLA_ACTS9 | group=fluorinase | domain_pattern=split_domain_match | decision=include_with_caution
67	V	81	catalytic_site_Tyr70Thr_mutation_position	2	FLA_NOCB7	fluorinase	T	75	FLA_NOCB7 | sp|W8JNL4|FLA_NOCB7 | group=fluorinase | domain_pattern=split_domain_match | decision=include_with_caution
67	V	81	catalytic_site_Tyr70Thr_mutation_position	2	SALL_SALTO	SalL_chlorinase_related	Y	70	SALL_SALTO | sp|A4X3Q0|SALL_SALTO | group=SalL_chlorinase_related | domain_pattern=single_domain_match | decision=include
67	V	81	catalytic_site_Tyr70Thr_mutation_position	2	RSAMH_SALTO	SAM_hydrolase	V	70	RSAMH_SALTO | sp|A4X4S2|RSAMH_SALTO | group=SAM_hydrolase | domain_pattern=single_domain_match | decision=include
67	V	81	catalytic_site_Tyr70Thr_mutation_position	2	RSAMH_SALAI	SAM_hydrolase	V	70	RSAMH_SALAI | sp|A8M783|RSAMH_SALAI | group=SAM_hydrolase | domain_pattern=single_domain_match | decision=include
67	V	81	catalytic_site_Tyr70Thr_mutation_position	2	RSAMH_METJA	SAM_hydrolase	V	80	RSAMH_METJA | sp|Q59045|RSAMH_METJA | group=SAM_hydrolase | domain_pattern=single_domain_match | decision=include
69	D	83	functional_site	2	O67940_AQUAE_AlphaFold_chainA	query	D	69	O67940_AQUAE_AlphaFold_chainA | AlphaFoldDB v6 predicted structure for O67940_AQUAE | source=data/alphafold/AF-O67940-F1-model_v6.pdb
69	D	83	functional_site	2	2Q6O_chainA	structural_reference_chlorinase_related	Y	70	2Q6O_chainA | Reference chlorinase-related structure, chain A | source=data/pdb/2Q6O.pdb
69	D	83	functional_site	2	1RQP_chainA	structural_reference_fluorinase	Y	70	1RQP_chainA | Reference fluorinase structure, chain A | source=data/pdb/1RQP.pdb
69	D	83	functional_site	2	RSAMH_PYRHO	SAM_hydrolase	D	68	RSAMH_PYRHO | sp|O58212|RSAMH_PYRHO | group=SAM_hydrolase | domain_pattern=single_domain_match | decision=include
69	D	83	functional_site	2	RSAMH_THET8	SAM_hydrolase	D	70	RSAMH_THET8 | sp|Q5SLF5|RSAMH_THET8 | group=SAM_hydrolase | domain_pattern=single_domain_match | decision=include
69	D	83	functional_site	2	FLA_STRCT	fluorinase	Y	77	FLA_STRCT | sp|Q70GK9|FLA_STRCT | group=fluorinase | domain_pattern=split_domain_match | decision=include_with_caution
69	D	83	functional_site	2	FLA_ACTMZ	fluorinase	Y	76	FLA_ACTMZ | sp|A0A1G9FQX8|FLA_ACTMZ | group=fluorinase | domain_pattern=split_domain_match | decision=include_with_caution
69	D	83	functional_site	2	FLA_STRSQ	fluorinase	Y	77	FLA_STRSQ | sp|W0W999|FLA_STRSQ | group=fluorinase | domain_pattern=split_domain_match | decision=include_with_caution
69	D	83	functional_site	2	FLA_ACTS9	fluorinase	Y	75	FLA_ACTS9 | sp|R4LHX8|FLA_ACTS9 | group=fluorinase | domain_pattern=split_domain_match | decision=include_with_caution
69	D	83	functional_site	2	FLA_NOCB7	fluorinase	Y	77	FLA_NOCB7 | sp|W8JNL4|FLA_NOCB7 | group=fluorinase | domain_pattern=split_domain_match | decision=include_with_caution
69	D	83	functional_site	2	SALL_SALTO	SalL_chlorinase_related	Y	72	SALL_SALTO | sp|A4X3Q0|SALL_SALTO | group=SalL_chlorinase_related | domain_pattern=single_domain_match | decision=include
69	D	83	functional_site	2	RSAMH_SALTO	SAM_hydrolase	D	72	RSAMH_SALTO | sp|A4X4S2|RSAMH_SALTO | group=SAM_hydrolase | domain_pattern=single_domain_match | decision=include
69	D	83	functional_site	2	RSAMH_SALAI	SAM_hydrolase	D	72	RSAMH_SALAI | sp|A8M783|RSAMH_SALAI | group=SAM_hydrolase | domain_pattern=single_domain_match | decision=include
69	D	83	functional_site	2	RSAMH_METJA	SAM_hydrolase	D	82	RSAMH_METJA | sp|Q59045|RSAMH_METJA | group=SAM_hydrolase | domain_pattern=single_domain_match | decision=include
127	G	172	catalytic_site_specificity_relevant	2	O67940_AQUAE_AlphaFold_chainA	query	G	127	O67940_AQUAE_AlphaFold_chainA | AlphaFoldDB v6 predicted structure for O67940_AQUAE | source=data/alphafold/AF-O67940-F1-model_v6.pdb
127	G	172	catalytic_site_specificity_relevant	2	2Q6O_chainA	structural_reference_chlorinase_related	G	129	2Q6O_chainA | Reference chlorinase-related structure, chain A | source=data/pdb/2Q6O.pdb
127	G	172	catalytic_site_specificity_relevant	2	1RQP_chainA	structural_reference_fluorinase	S	151	1RQP_chainA | Reference fluorinase structure, chain A | source=data/pdb/1RQP.pdb
127	G	172	catalytic_site_specificity_relevant	2	RSAMH_PYRHO	SAM_hydrolase	G	128	RSAMH_PYRHO | sp|O58212|RSAMH_PYRHO | group=SAM_hydrolase | domain_pattern=single_domain_match | decision=include
127	G	172	catalytic_site_specificity_relevant	2	RSAMH_THET8	SAM_hydrolase	G	134	RSAMH_THET8 | sp|Q5SLF5|RSAMH_THET8 | group=SAM_hydrolase | domain_pattern=single_domain_match | decision=include
127	G	172	catalytic_site_specificity_relevant	2	FLA_STRCT	fluorinase	S	158	FLA_STRCT | sp|Q70GK9|FLA_STRCT | group=fluorinase | domain_pattern=split_domain_match | decision=include_with_caution
127	G	172	catalytic_site_specificity_relevant	2	FLA_ACTMZ	fluorinase	S	157	FLA_ACTMZ | sp|A0A1G9FQX8|FLA_ACTMZ | group=fluorinase | domain_pattern=split_domain_match | decision=include_with_caution
127	G	172	catalytic_site_specificity_relevant	2	FLA_STRSQ	fluorinase	S	158	FLA_STRSQ | sp|W0W999|FLA_STRSQ | group=fluorinase | domain_pattern=split_domain_match | decision=include_with_caution
127	G	172	catalytic_site_specificity_relevant	2	FLA_ACTS9	fluorinase	S	156	FLA_ACTS9 | sp|R4LHX8|FLA_ACTS9 | group=fluorinase | domain_pattern=split_domain_match | decision=include_with_caution
127	G	172	catalytic_site_specificity_relevant	2	FLA_NOCB7	fluorinase	S	158	FLA_NOCB7 | sp|W8JNL4|FLA_NOCB7 | group=fluorinase | domain_pattern=split_domain_match | decision=include_with_caution
127	G	172	catalytic_site_specificity_relevant	2	SALL_SALTO	SalL_chlorinase_related	G	131	SALL_SALTO | sp|A4X3Q0|SALL_SALTO | group=SalL_chlorinase_related | domain_pattern=single_domain_match | decision=include
127	G	172	catalytic_site_specificity_relevant	2	RSAMH_SALTO	SAM_hydrolase	G	131	RSAMH_SALTO | sp|A4X4S2|RSAMH_SALTO | group=SAM_hydrolase | domain_pattern=single_domain_match | decision=include
127	G	172	catalytic_site_specificity_relevant	2	RSAMH_SALAI	SAM_hydrolase	G	131	RSAMH_SALAI | sp|A8M783|RSAMH_SALAI | group=SAM_hydrolase | domain_pattern=single_domain_match | decision=include
127	G	172	catalytic_site_specificity_relevant	2	RSAMH_METJA	SAM_hydrolase	G	138	RSAMH_METJA | sp|Q59045|RSAMH_METJA | group=SAM_hydrolase | domain_pattern=single_domain_match | decision=include
177	D	227	functional_site	2	O67940_AQUAE_AlphaFold_chainA	query	D	177	O67940_AQUAE_AlphaFold_chainA | AlphaFoldDB v6 predicted structure for O67940_AQUAE | source=data/alphafold/AF-O67940-F1-model_v6.pdb
177	D	227	functional_site	2	2Q6O_chainA	structural_reference_chlorinase_related	D	181	2Q6O_chainA | Reference chlorinase-related structure, chain A | source=data/pdb/2Q6O.pdb
177	D	227	functional_site	2	1RQP_chainA	structural_reference_fluorinase	D	203	1RQP_chainA | Reference fluorinase structure, chain A | source=data/pdb/1RQP.pdb
177	D	227	functional_site	2	RSAMH_PYRHO	SAM_hydrolase	D	179	RSAMH_PYRHO | sp|O58212|RSAMH_PYRHO | group=SAM_hydrolase | domain_pattern=single_domain_match | decision=include
177	D	227	functional_site	2	RSAMH_THET8	SAM_hydrolase	D	182	RSAMH_THET8 | sp|Q5SLF5|RSAMH_THET8 | group=SAM_hydrolase | domain_pattern=single_domain_match | decision=include
177	D	227	functional_site	2	FLA_STRCT	fluorinase	D	210	FLA_STRCT | sp|Q70GK9|FLA_STRCT | group=fluorinase | domain_pattern=split_domain_match | decision=include_with_caution
177	D	227	functional_site	2	FLA_ACTMZ	fluorinase	D	210	FLA_ACTMZ | sp|A0A1G9FQX8|FLA_ACTMZ | group=fluorinase | domain_pattern=split_domain_match | decision=include_with_caution
177	D	227	functional_site	2	FLA_STRSQ	fluorinase	D	210	FLA_STRSQ | sp|W0W999|FLA_STRSQ | group=fluorinase | domain_pattern=split_domain_match | decision=include_with_caution
177	D	227	functional_site	2	FLA_ACTS9	fluorinase	D	209	FLA_ACTS9 | sp|R4LHX8|FLA_ACTS9 | group=fluorinase | domain_pattern=split_domain_match | decision=include_with_caution
177	D	227	functional_site	2	FLA_NOCB7	fluorinase	D	211	FLA_NOCB7 | sp|W8JNL4|FLA_NOCB7 | group=fluorinase | domain_pattern=split_domain_match | decision=include_with_caution
177	D	227	functional_site	2	SALL_SALTO	SalL_chlorinase_related	D	183	SALL_SALTO | sp|A4X3Q0|SALL_SALTO | group=SalL_chlorinase_related | domain_pattern=single_domain_match | decision=include
177	D	227	functional_site	2	RSAMH_SALTO	SAM_hydrolase	D	183	RSAMH_SALTO | sp|A4X4S2|RSAMH_SALTO | group=SAM_hydrolase | domain_pattern=single_domain_match | decision=include
177	D	227	functional_site	2	RSAMH_SALAI	SAM_hydrolase	D	183	RSAMH_SALAI | sp|A8M783|RSAMH_SALAI | group=SAM_hydrolase | domain_pattern=single_domain_match | decision=include
177	D	227	functional_site	2	RSAMH_METJA	SAM_hydrolase	D	177	RSAMH_METJA | sp|Q59045|RSAMH_METJA | group=SAM_hydrolase | domain_pattern=single_domain_match | decision=include
181	N	232	functional_site	2	O67940_AQUAE_AlphaFold_chainA	query	N	181	O67940_AQUAE_AlphaFold_chainA | AlphaFoldDB v6 predicted structure for O67940_AQUAE | source=data/alphafold/AF-O67940-F1-model_v6.pdb
181	N	232	functional_site	2	2Q6O_chainA	structural_reference_chlorinase_related	N	186	2Q6O_chainA | Reference chlorinase-related structure, chain A | source=data/pdb/2Q6O.pdb
181	N	232	functional_site	2	1RQP_chainA	structural_reference_fluorinase	N	208	1RQP_chainA | Reference fluorinase structure, chain A | source=data/pdb/1RQP.pdb
181	N	232	functional_site	2	RSAMH_PYRHO	SAM_hydrolase	N	183	RSAMH_PYRHO | sp|O58212|RSAMH_PYRHO | group=SAM_hydrolase | domain_pattern=single_domain_match | decision=include
181	N	232	functional_site	2	RSAMH_THET8	SAM_hydrolase	N	186	RSAMH_THET8 | sp|Q5SLF5|RSAMH_THET8 | group=SAM_hydrolase | domain_pattern=single_domain_match | decision=include
181	N	232	functional_site	2	FLA_STRCT	fluorinase	N	215	FLA_STRCT | sp|Q70GK9|FLA_STRCT | group=fluorinase | domain_pattern=split_domain_match | decision=include_with_caution
181	N	232	functional_site	2	FLA_ACTMZ	fluorinase	N	215	FLA_ACTMZ | sp|A0A1G9FQX8|FLA_ACTMZ | group=fluorinase | domain_pattern=split_domain_match | decision=include_with_caution
181	N	232	functional_site	2	FLA_STRSQ	fluorinase	N	215	FLA_STRSQ | sp|W0W999|FLA_STRSQ | group=fluorinase | domain_pattern=split_domain_match | decision=include_with_caution
181	N	232	functional_site	2	FLA_ACTS9	fluorinase	N	214	FLA_ACTS9 | sp|R4LHX8|FLA_ACTS9 | group=fluorinase | domain_pattern=split_domain_match | decision=include_with_caution
181	N	232	functional_site	2	FLA_NOCB7	fluorinase	N	216	FLA_NOCB7 | sp|W8JNL4|FLA_NOCB7 | group=fluorinase | domain_pattern=split_domain_match | decision=include_with_caution
181	N	232	functional_site	2	SALL_SALTO	SalL_chlorinase_related	N	188	SALL_SALTO | sp|A4X3Q0|SALL_SALTO | group=SalL_chlorinase_related | domain_pattern=single_domain_match | decision=include
181	N	232	functional_site	2	RSAMH_SALTO	SAM_hydrolase	N	187	RSAMH_SALTO | sp|A4X4S2|RSAMH_SALTO | group=SAM_hydrolase | domain_pattern=single_domain_match | decision=include
181	N	232	functional_site	2	RSAMH_SALAI	SAM_hydrolase	N	187	RSAMH_SALAI | sp|A8M783|RSAMH_SALAI | group=SAM_hydrolase | domain_pattern=single_domain_match | decision=include
181	N	232	functional_site	2	RSAMH_METJA	SAM_hydrolase	N	181	RSAMH_METJA | sp|Q59045|RSAMH_METJA | group=SAM_hydrolase | domain_pattern=single_domain_match | decision=include
221	S	288	functional_site	2	O67940_AQUAE_AlphaFold_chainA	query	S	221	O67940_AQUAE_AlphaFold_chainA | AlphaFoldDB v6 predicted structure for O67940_AQUAE | source=data/alphafold/AF-O67940-F1-model_v6.pdb
221	S	288	functional_site	2	2Q6O_chainA	structural_reference_chlorinase_related	S	240	2Q6O_chainA | Reference chlorinase-related structure, chain A | source=data/pdb/2Q6O.pdb
221	S	288	functional_site	2	1RQP_chainA	structural_reference_fluorinase	S	262	1RQP_chainA | Reference fluorinase structure, chain A | source=data/pdb/1RQP.pdb
221	S	288	functional_site	2	RSAMH_PYRHO	SAM_hydrolase	S	226	RSAMH_PYRHO | sp|O58212|RSAMH_PYRHO | group=SAM_hydrolase | domain_pattern=single_domain_match | decision=include
221	S	288	functional_site	2	RSAMH_THET8	SAM_hydrolase	S	227	RSAMH_THET8 | sp|Q5SLF5|RSAMH_THET8 | group=SAM_hydrolase | domain_pattern=single_domain_match | decision=include
221	S	288	functional_site	2	FLA_STRCT	fluorinase	S	269	FLA_STRCT | sp|Q70GK9|FLA_STRCT | group=fluorinase | domain_pattern=split_domain_match | decision=include_with_caution
221	S	288	functional_site	2	FLA_ACTMZ	fluorinase	S	269	FLA_ACTMZ | sp|A0A1G9FQX8|FLA_ACTMZ | group=fluorinase | domain_pattern=split_domain_match | decision=include_with_caution
221	S	288	functional_site	2	FLA_STRSQ	fluorinase	S	269	FLA_STRSQ | sp|W0W999|FLA_STRSQ | group=fluorinase | domain_pattern=split_domain_match | decision=include_with_caution
221	S	288	functional_site	2	FLA_ACTS9	fluorinase	S	268	FLA_ACTS9 | sp|R4LHX8|FLA_ACTS9 | group=fluorinase | domain_pattern=split_domain_match | decision=include_with_caution
221	S	288	functional_site	2	FLA_NOCB7	fluorinase	S	270	FLA_NOCB7 | sp|W8JNL4|FLA_NOCB7 | group=fluorinase | domain_pattern=split_domain_match | decision=include_with_caution
221	S	288	functional_site	2	SALL_SALTO	SalL_chlorinase_related	S	242	SALL_SALTO | sp|A4X3Q0|SALL_SALTO | group=SalL_chlorinase_related | domain_pattern=single_domain_match | decision=include
221	S	288	functional_site	2	RSAMH_SALTO	SAM_hydrolase	S	231	RSAMH_SALTO | sp|A4X4S2|RSAMH_SALTO | group=SAM_hydrolase | domain_pattern=single_domain_match | decision=include
221	S	288	functional_site	2	RSAMH_SALAI	SAM_hydrolase	S	231	RSAMH_SALAI | sp|A8M783|RSAMH_SALAI | group=SAM_hydrolase | domain_pattern=single_domain_match | decision=include
221	S	288	functional_site	2	RSAMH_METJA	SAM_hydrolase	S	234	RSAMH_METJA | sp|Q59045|RSAMH_METJA | group=SAM_hydrolase | domain_pattern=single_domain_match | decision=include
222	F	289	functional_site	2	O67940_AQUAE_AlphaFold_chainA	query	F	222	O67940_AQUAE_AlphaFold_chainA | AlphaFoldDB v6 predicted structure for O67940_AQUAE | source=data/alphafold/AF-O67940-F1-model_v6.pdb
222	F	289	functional_site	2	2Q6O_chainA	structural_reference_chlorinase_related	R	241	2Q6O_chainA | Reference chlorinase-related structure, chain A | source=data/pdb/2Q6O.pdb
222	F	289	functional_site	2	1RQP_chainA	structural_reference_fluorinase	R	263	1RQP_chainA | Reference fluorinase structure, chain A | source=data/pdb/1RQP.pdb
222	F	289	functional_site	2	RSAMH_PYRHO	SAM_hydrolase	H	227	RSAMH_PYRHO | sp|O58212|RSAMH_PYRHO | group=SAM_hydrolase | domain_pattern=single_domain_match | decision=include
222	F	289	functional_site	2	RSAMH_THET8	SAM_hydrolase	A	228	RSAMH_THET8 | sp|Q5SLF5|RSAMH_THET8 | group=SAM_hydrolase | domain_pattern=single_domain_match | decision=include
222	F	289	functional_site	2	FLA_STRCT	fluorinase	R	270	FLA_STRCT | sp|Q70GK9|FLA_STRCT | group=fluorinase | domain_pattern=split_domain_match | decision=include_with_caution
222	F	289	functional_site	2	FLA_ACTMZ	fluorinase	R	270	FLA_ACTMZ | sp|A0A1G9FQX8|FLA_ACTMZ | group=fluorinase | domain_pattern=split_domain_match | decision=include_with_caution
222	F	289	functional_site	2	FLA_STRSQ	fluorinase	R	270	FLA_STRSQ | sp|W0W999|FLA_STRSQ | group=fluorinase | domain_pattern=split_domain_match | decision=include_with_caution
222	F	289	functional_site	2	FLA_ACTS9	fluorinase	R	269	FLA_ACTS9 | sp|R4LHX8|FLA_ACTS9 | group=fluorinase | domain_pattern=split_domain_match | decision=include_with_caution
222	F	289	functional_site	2	FLA_NOCB7	fluorinase	R	271	FLA_NOCB7 | sp|W8JNL4|FLA_NOCB7 | group=fluorinase | domain_pattern=split_domain_match | decision=include_with_caution
222	F	289	functional_site	2	SALL_SALTO	SalL_chlorinase_related	R	243	SALL_SALTO | sp|A4X3Q0|SALL_SALTO | group=SalL_chlorinase_related | domain_pattern=single_domain_match | decision=include
222	F	289	functional_site	2	RSAMH_SALTO	SAM_hydrolase	T	232	RSAMH_SALTO | sp|A4X4S2|RSAMH_SALTO | group=SAM_hydrolase | domain_pattern=single_domain_match | decision=include
222	F	289	functional_site	2	RSAMH_SALAI	SAM_hydrolase	A	232	RSAMH_SALAI | sp|A8M783|RSAMH_SALAI | group=SAM_hydrolase | domain_pattern=single_domain_match | decision=include
222	F	289	functional_site	2	RSAMH_METJA	SAM_hydrolase	E	235	RSAMH_METJA | sp|Q59045|RSAMH_METJA | group=SAM_hydrolase | domain_pattern=single_domain_match | decision=include
229	V	296	functional_site	2	O67940_AQUAE_AlphaFold_chainA	query	V	229	O67940_AQUAE_AlphaFold_chainA | AlphaFoldDB v6 predicted structure for O67940_AQUAE | source=data/alphafold/AF-O67940-F1-model_v6.pdb
229	V	296	functional_site	2	2Q6O_chainA	structural_reference_chlorinase_related	L	248	2Q6O_chainA | Reference chlorinase-related structure, chain A | source=data/pdb/2Q6O.pdb
229	V	296	functional_site	2	1RQP_chainA	structural_reference_fluorinase	R	270	1RQP_chainA | Reference fluorinase structure, chain A | source=data/pdb/1RQP.pdb
229	V	296	functional_site	2	RSAMH_PYRHO	SAM_hydrolase	V	234	RSAMH_PYRHO | sp|O58212|RSAMH_PYRHO | group=SAM_hydrolase | domain_pattern=single_domain_match | decision=include
229	V	296	functional_site	2	RSAMH_THET8	SAM_hydrolase	V	235	RSAMH_THET8 | sp|Q5SLF5|RSAMH_THET8 | group=SAM_hydrolase | domain_pattern=single_domain_match | decision=include
229	V	296	functional_site	2	FLA_STRCT	fluorinase	R	277	FLA_STRCT | sp|Q70GK9|FLA_STRCT | group=fluorinase | domain_pattern=split_domain_match | decision=include_with_caution
229	V	296	functional_site	2	FLA_ACTMZ	fluorinase	R	277	FLA_ACTMZ | sp|A0A1G9FQX8|FLA_ACTMZ | group=fluorinase | domain_pattern=split_domain_match | decision=include_with_caution
229	V	296	functional_site	2	FLA_STRSQ	fluorinase	R	277	FLA_STRSQ | sp|W0W999|FLA_STRSQ | group=fluorinase | domain_pattern=split_domain_match | decision=include_with_caution
229	V	296	functional_site	2	FLA_ACTS9	fluorinase	R	276	FLA_ACTS9 | sp|R4LHX8|FLA_ACTS9 | group=fluorinase | domain_pattern=split_domain_match | decision=include_with_caution
229	V	296	functional_site	2	FLA_NOCB7	fluorinase	R	278	FLA_NOCB7 | sp|W8JNL4|FLA_NOCB7 | group=fluorinase | domain_pattern=split_domain_match | decision=include_with_caution
229	V	296	functional_site	2	SALL_SALTO	SalL_chlorinase_related	L	250	SALL_SALTO | sp|A4X3Q0|SALL_SALTO | group=SalL_chlorinase_related | domain_pattern=single_domain_match | decision=include
229	V	296	functional_site	2	RSAMH_SALTO	SAM_hydrolase	V	239	RSAMH_SALTO | sp|A4X4S2|RSAMH_SALTO | group=SAM_hydrolase | domain_pattern=single_domain_match | decision=include
229	V	296	functional_site	2	RSAMH_SALAI	SAM_hydrolase	V	239	RSAMH_SALAI | sp|A8M783|RSAMH_SALAI | group=SAM_hydrolase | domain_pattern=single_domain_match | decision=include
229	V	296	functional_site	2	RSAMH_METJA	SAM_hydrolase	K	242	RSAMH_METJA | sp|Q59045|RSAMH_METJA | group=SAM_hydrolase | domain_pattern=single_domain_match | decision=include
231	V	298	functional_site	2	O67940_AQUAE_AlphaFold_chainA	query	V	231	O67940_AQUAE_AlphaFold_chainA | AlphaFoldDB v6 predicted structure for O67940_AQUAE | source=data/alphafold/AF-O67940-F1-model_v6.pdb
231	V	298	functional_site	2	2Q6O_chainA	structural_reference_chlorinase_related	Q	250	2Q6O_chainA | Reference chlorinase-related structure, chain A | source=data/pdb/2Q6O.pdb
231	V	298	functional_site	2	1RQP_chainA	structural_reference_fluorinase	A	272	1RQP_chainA | Reference fluorinase structure, chain A | source=data/pdb/1RQP.pdb
231	V	298	functional_site	2	RSAMH_PYRHO	SAM_hydrolase	M	236	RSAMH_PYRHO | sp|O58212|RSAMH_PYRHO | group=SAM_hydrolase | domain_pattern=single_domain_match | decision=include
231	V	298	functional_site	2	RSAMH_THET8	SAM_hydrolase	R	237	RSAMH_THET8 | sp|Q5SLF5|RSAMH_THET8 | group=SAM_hydrolase | domain_pattern=single_domain_match | decision=include
231	V	298	functional_site	2	FLA_STRCT	fluorinase	A	279	FLA_STRCT | sp|Q70GK9|FLA_STRCT | group=fluorinase | domain_pattern=split_domain_match | decision=include_with_caution
231	V	298	functional_site	2	FLA_ACTMZ	fluorinase	A	279	FLA_ACTMZ | sp|A0A1G9FQX8|FLA_ACTMZ | group=fluorinase | domain_pattern=split_domain_match | decision=include_with_caution
231	V	298	functional_site	2	FLA_STRSQ	fluorinase	A	279	FLA_STRSQ | sp|W0W999|FLA_STRSQ | group=fluorinase | domain_pattern=split_domain_match | decision=include_with_caution
231	V	298	functional_site	2	FLA_ACTS9	fluorinase	A	278	FLA_ACTS9 | sp|R4LHX8|FLA_ACTS9 | group=fluorinase | domain_pattern=split_domain_match | decision=include_with_caution
231	V	298	functional_site	2	FLA_NOCB7	fluorinase	A	280	FLA_NOCB7 | sp|W8JNL4|FLA_NOCB7 | group=fluorinase | domain_pattern=split_domain_match | decision=include_with_caution
231	V	298	functional_site	2	SALL_SALTO	SalL_chlorinase_related	Q	252	SALL_SALTO | sp|A4X3Q0|SALL_SALTO | group=SalL_chlorinase_related | domain_pattern=single_domain_match | decision=include
231	V	298	functional_site	2	RSAMH_SALTO	SAM_hydrolase	G	241	RSAMH_SALTO | sp|A4X4S2|RSAMH_SALTO | group=SAM_hydrolase | domain_pattern=single_domain_match | decision=include
231	V	298	functional_site	2	RSAMH_SALAI	SAM_hydrolase	G	241	RSAMH_SALAI | sp|A8M783|RSAMH_SALAI | group=SAM_hydrolase | domain_pattern=single_domain_match | decision=include
231	V	298	functional_site	2	RSAMH_METJA	SAM_hydrolase	M	244	RSAMH_METJA | sp|Q59045|RSAMH_METJA | group=SAM_hydrolase | domain_pattern=single_domain_match | decision=include
