O67940_position	O67940_residue	site_note	source_mapping_rows	alignment_column_1based	2Q6O_residue	1RQP_residue	SALL_SALTO_residue	SAM_hydrolase_counts	SAM_hydrolase_major	fluorinase_counts	fluorinase_major	O67940_matches
8	D	functional_site	2	18	D	D	D	D:5	D:5	D:5	D:5	2Q6O;1RQP;SalL;SAM_hydrolase_major;fluorinase_major
15	F	functional_site	2	25	A	S	A	F:2;Y:3	Y:3	S:5	S:5	none_of_selected_major_patterns
67	V	catalytic_site_Tyr70Thr_mutation_position	2	81	T	T	Y	V:5	V:5	T:5	T:5	SAM_hydrolase_major
69	D	functional_site	2	83	Y	Y	Y	D:5	D:5	Y:5	Y:5	SAM_hydrolase_major
127	G	catalytic_site_specificity_relevant	2	172	G	S	G	G:5	G:5	S:5	S:5	2Q6O;SalL;SAM_hydrolase_major
177	D	functional_site	2	227	D	D	D	D:5	D:5	D:5	D:5	2Q6O;1RQP;SalL;SAM_hydrolase_major;fluorinase_major
181	N	functional_site	2	232	N	N	N	N:5	N:5	N:5	N:5	2Q6O;1RQP;SalL;SAM_hydrolase_major;fluorinase_major
221	S	functional_site	2	288	S	S	S	S:5	S:5	S:5	S:5	2Q6O;1RQP;SalL;SAM_hydrolase_major;fluorinase_major
222	F	functional_site	2	289	R	R	R	A:2;E:1;H:1;T:1	A:2	R:5	R:5	none_of_selected_major_patterns
229	V	functional_site	2	296	L	R	L	K:1;V:4	V:4	R:5	R:5	SAM_hydrolase_major
231	V	functional_site	2	298	Q	A	Q	G:2;M:2;R:1	M:2	A:5	A:5	none_of_selected_major_patterns
